Province/State,Country/Region,Last Update,Confirmed,Suspected,Recovered,Death,Longitude,Latitude,,,
Hubei,Mainland China,2/5/2020,16678,,538,479,112.8783222,31.1517252,,,
Guangdong,Mainland China,2/5/2020,895,,49,0,113.1982688,23.1357694,,,
Zhejiang,Mainland China,2/5/2020,895,,78,0,119.9999999,29.0000001,,,
Henan,Mainland China,2/5/2020,764,,47,2,113.9999999,34.0000001,,,
Hunan,Mainland China,2/5/2020,661,,54,0,111.7487063,27.6662087,,,
Jiangxi,Mainland China,2/5/2020,548,,27,0,116,28,,,
Anhui,Mainland China,2/5/2020,530,,23,0,117,32,,,
Chongqing,Mainland China,2/5/2020,376,,15,2,106.5492822,29.5585712,,,
Jiangsu,Mainland China,2/5/2020,341,,23,0,119.9999999,33.0000001,,,
Shandong,Mainland China,2/5/2020,307,,15,0,118.9999999,36.0000001,,,
Sichuan,Mainland China,2/5/2020,301,,24,1,102.4999999,30.5000001,,,
Beijing,Mainland China,2/5/2020,253,,24,1,116.3912757,39.906217,,,
Shanghai,Mainland China,2/5/2020,243,,15,1,121.4890497,31.2252985,,,
Fujian,Mainland China,2/5/2020,205,,11,0,117.842778,26.5450001,,,
Heilongjiang,Mainland China,2/5/2020,190,,7,2,127.999992,48.0000047,,,
Shaanxi,Mainland China,2/5/2020,165,,6,0,109,36,,,
Guangxi,Mainland China,2/5/2020,150,,13,0,109,24,,,
Hebei,Mainland China,2/5/2020,135,,6,1,116,39.0000001,,,
Yunnan,Mainland China,2/5/2020,124,,5,0,102,25,,,
Hainan,Mainland China,2/5/2020,99,,5,1,109.5999999,19.2000001,,,
Liaoning,Mainland China,2/5/2020,89,,4,0,122.3263915,40.9739116,,,
Shanxi,Mainland China,2/5/2020,81,,5,0,112,37,,,
Tianjin,Mainland China,2/5/2020,69,,2,1,117.1980785,39.1235635,,,
Guizhou,Mainland China,2/5/2020,64,,9,1,107,27,,,
Gansu,Mainland China,2/5/2020,62,,6,0,101.9999999,38.0000001,,,
Jilin,Mainland China,2/5/2020,54,,2,0,125.9816054,42.9995032,,,
Inner Mongolia,Mainland China,2/5/2020,42,,3,0,114.3251664,43.2443242,,,
Ningxia,Mainland China,2/4/2020,34,,1,0,105.9608553,37.3095528,,,
Xinjiang,Mainland China,2/5/2020,32,,0,0,87.167384,41.757476,,,
,Singapore,2/5/2020,28,,0,0,,,,,
,Thailand,2/4/2020,25,,5,0,,,,,
,Japan,2/4/2020,22,,1,0,,,,,
Hong Kong,Hong Kong,2/5/2020,21,,0,1,,,,,
,South Korea,2/5/2020,19,,0,0,,,,,
Qinghai,Mainland China,2/5/2020,17,,3,0,,,,,
,Germany,2/3/2020,12,,0,0,,,,,
,Malaysia,2/5/2020,12,,0,0,,,,,
Taiwan,Taiwan,2/4/2020,11,,0,0,,,,,
Macau,Macau,2/4/2020,10,,0,0,,,,,
,Vietnam,2/3/2020,8,,1,0,,,,,
,France,2/1/2020,6,,0,0,,,,,
,United Arab Emirates,2/2/2020,5,,0,0,,,,,
New South Wales,Australia,2/1/2020,4,,2,0,,,,,
Victoria,Australia,2/1/2020,4,,0,0,,,,,
Queensland,Australia,2/4/2020,3,,0,0,,,,,
,India,2/3/2020,3,,0,0,,,,,
South Australia,Australia,2/2/2020,2,,0,0,,,,,
"Toronto, ON",Canada,2/4/2020,2,,0,0,,,,,
,Italy,1/31/2020,2,,0,0,,,,,
,Philippines,2/2/2020,2,,0,1,,,,,
,Russia,1/31/2020,2,,0,0,,,,,
,UK,2/1/2020,2,,0,0,,,,,
"Chicago, IL",United States,2/1/2020,2,,0,0,,,,,
"San Benito, CA",United States,2/3/2020,2,,0,0,,,,,
"Santa Clara, CA",United States,2/3/2020,2,,0,0,,,,,
,Belgium,2/4/2020,1,,0,0,,,,,
,Cambodia,1/31/2020,1,,0,0,,,,,
British Columbia,Canada,2/1/2020,1,,0,0,,,,,
"London, ON",Canada,2/4/2020,1,,0,0,,,,,
,Finland,1/31/2020,1,,0,0,,,,,
Tibet,Mainland China,2/1/2020,1,,0,0,,,,,
,Nepal,1/31/2020,1,,0,0,,,,,
,Spain,2/1/2020,1,,0,0,,,,,
,Sri Lanka,1/31/2020,1,,0,0,,,,,
,Sweden,2/1/2020,1,,0,0,,,,,
"Boston, MA",United States,2/1/2020,1,,0,0,,,,,
"Los Angeles, CA",United States,2/1/2020,1,,0,0,,,,,
"Orange, CA",United States,2/1/2020,1,,0,0,,,,,
"Seattle, WA",United States,2/1/2020,1,,0,0,,,,,
"Tempe, AZ",United States,2/1/2020,1,,0,0,,,,,
Hubei,Mainland China,2/4/2020,16678,,522,479,112.8783222,31.1517252,,,
Zhejiang,Mainland China,2/5/2020,895,,63,0,119.9999999,29.0000001,,,
Guangdong,Mainland China,2/5/2020,870,,32,0,113.1982688,23.1357694,,,
Henan,Mainland China,2/5/2020,764,,41,2,113.9999999,34.0000001,,,
Hunan,Mainland China,2/5/2020,661,,35,0,111.7487063,27.6662087,,,
Jiangxi,Mainland China,2/5/2020,548,,27,0,116,28,,,
Anhui,Mainland China,2/5/2020,530,,20,0,117,32,,,
Chongqing,Mainland China,2/5/2020,366,,14,2,106.5492822,29.5585712,,,
Jiangsu,Mainland China,2/5/2020,341,,13,0,119.9999999,33.0000001,,,
Sichuan,Mainland China,2/5/2020,301,,23,1,102.4999999,30.5000001,,,
Shandong,Mainland China,2/5/2020,298,,13,0,118.9999999,36.0000001,,,
Shanghai,Mainland China,2/5/2020,233,,12,1,121.4890497,31.2252985,,,
Beijing,Mainland China,2/4/2020,228,,23,1,116.3912757,39.906217,,,
Fujian,Mainland China,2/4/2020,194,,3,0,117.842778,26.5450001,,,
Heilongjiang,Mainland China,2/5/2020,190,,4,2,127.999992,48.0000047,,,
Shaanxi,Mainland China,2/5/2020,165,,2,0,109,36,,,
Guangxi,Mainland China,2/5/2020,150,,10,0,109,24,,,
Hebei,Mainland China,2/5/2020,135,,4,1,116,39.0000001,,,
Yunnan,Mainland China,2/4/2020,122,,5,0,102,25,,,
Hainan,Mainland China,2/5/2020,91,,4,1,109.5999999,19.2000001,,,
Liaoning,Mainland China,2/4/2020,81,,2,0,122.3263915,40.9739116,,,
Shanxi,Mainland China,2/4/2020,81,,4,0,112,37,,,
Tianjin,Mainland China,2/4/2020,67,,2,0,117.1980785,39.1235635,,,
Guizhou,Mainland China,2/5/2020,64,,5,0,107,27,,,
Gansu,Mainland China,2/4/2020,57,,4,0,101.9999999,38.0000001,,,
Jilin,Mainland China,2/5/2020,54,,1,0,125.9816054,42.9995032,,,
Inner Mongolia,Mainland China,2/5/2020,42,,1,0,114.3251664,43.2443242,,,
Ningxia,Mainland China,2/4/2020,34,,1,0,105.9608553,37.3095528,,,
Xinjiang,Mainland China,2/5/2020,32,,0,0,87.167384,41.757476,,,
,Thailand,2/4/2020,25,,5,0,,,,,
,Singapore,2/4/2020,24,,0,0,,,,,
,Japan,2/4/2020,22,,1,0,,,,,
Hong Kong,Hong Kong,2/5/2020,18,,0,1,,,,,
Qinghai,Mainland China,2/5/2020,17,,0,0,,,,,
,South Korea,2/4/2020,16,,0,0,,,,,
,Germany,2/3/2020,12,,0,0,,,,,
Taiwan,Taiwan,2/4/2020,11,,0,0,,,,,
Macau,Macau,2/4/2020,10,,0,0,,,,,
,Malaysia,2/4/2020,10,,0,0,,,,,
,Vietnam,2/3/2020,8,,1,0,,,,,
,France,2/1/2020,6,,0,0,,,,,
,United Arab Emirates,2/2/2020,5,,0,0,,,,,
New South Wales,Australia,2/1/2020,4,,2,0,,,,,
Victoria,Australia,2/1/2020,4,,0,0,,,,,
Queensland,Australia,2/4/2020,3,,0,0,,,,,
,India,2/3/2020,3,,0,0,,,,,
South Australia,Australia,2/2/2020,2,,0,0,,,,,
"Toronto, ON",Canada,2/4/2020,2,,0,0,,,,,
,Italy,1/31/2020,2,,0,0,,,,,
,Philippines,2/2/2020,2,,0,1,,,,,
,Russia,1/31/2020,2,,0,0,,,,,
,UK,2/1/2020,2,,0,0,,,,,
"Chicago, IL",United States,2/1/2020,2,,0,0,,,,,
"San Benito, CA",United States,2/3/2020,2,,0,0,,,,,
"Santa Clara, CA",United States,2/3/2020,2,,0,0,,,,,
,Belgium,2/4/2020,1,,0,0,,,,,
,Cambodia,1/31/2020,1,,0,0,,,,,
British Columbia,Canada,2/1/2020,1,,0,0,,,,,
"London, ON",Canada,2/4/2020,1,,0,0,,,,,
,Finland,1/31/2020,1,,0,0,,,,,
Tibet,Mainland China,2/1/2020,1,,0,0,,,,,
,Nepal,1/31/2020,1,,0,0,,,,,
,Spain,2/1/2020,1,,0,0,,,,,
,Sri Lanka,1/31/2020,1,,0,0,,,,,
,Sweden,2/1/2020,1,,0,0,,,,,
"Boston, MA",United States,2/1/2020,1,,0,0,,,,,
"Los Angeles, CA",United States,2/1/2020,1,,0,0,,,,,
"Orange, CA",United States,2/1/2020,1,,0,0,,,,,
"Seattle, WA",United States,2/1/2020,1,,0,0,,,,,
"Tempe, AZ",United States,2/1/2020,1,,0,0,,,,,
Hubei,Mainland China,2/4/2020,13522,,397,414,112.8783222,31.1517252,,,
Zhejiang,Mainland China,2/4/2020,829,,62,0,119.9999999,29.0000001,,,
Guangdong,Mainland China,2/4/2020,813,,30,0,113.1982688,23.1357694,,,
Henan,Mainland China,2/4/2020,675,,27,2,113.9999999,34.0000001,,,
Hunan,Mainland China,2/4/2020,593,,31,0,111.7487063,27.6662087,,,
Anhui,Mainland China,2/4/2020,480,,20,0,117,32,,,
Jiangxi,Mainland China,2/4/2020,476,,20,0,116,28,,,
Chongqing,Mainland China,2/4/2020,344,,9,2,106.5492822,29.5585712,,,
Jiangsu,Mainland China,2/4/2020,308,,12,0,119.9999999,33.0000001,,,
Sichuan,Mainland China,2/4/2020,282,,14,1,102.4999999,30.5000001,,,
Shandong,Mainland China,2/4/2020,275,,11,0,118.9999999,36.0000001,,,
Beijing,Mainland China,2/4/2020,228,,23,1,116.3912757,39.906217,,,
Shanghai,Mainland China,2/4/2020,219,,12,1,121.4890497,31.2252985,,,
Fujian,Mainland China,2/4/2020,194,,3,0,117.842778,26.5450001,,,
Heilongjiang,Mainland China,2/4/2020,155,,4,2,127.999992,48.0000047,,,
Shaanxi,Mainland China,2/4/2020,142,,2,0,109,36,,,
Guangxi,Mainland China,2/4/2020,139,,10,0,109,24,,,
Hebei,Mainland China,2/4/2020,126,,4,1,116,39.0000001,,,
Yunnan,Mainland China,2/4/2020,119,,5,0,102,25,,,
Liaoning,Mainland China,2/4/2020,81,,2,0,122.3263915,40.9739116,,,
Hainan,Mainland China,2/4/2020,80,,5,1,109.5999999,19.2000001,,,
Shanxi,Mainland China,2/4/2020,74,,4,0,112,37,,,
Tianjin,Mainland China,2/4/2020,67,,2,0,117.1980785,39.1235635,,,
Guizhou,Mainland China,2/4/2020,58,,2,0,107,27,,,
Gansu,Mainland China,2/4/2020,57,,4,0,101.9999999,38.0000001,,,
Jilin,Mainland China,2/4/2020,42,,1,0,125.9816054,42.9995032,,,
Inner Mongolia,Mainland China,2/4/2020,35,,1,0,114.3251664,43.2443242,,,
Ningxia,Mainland China,2/4/2020,34,,1,0,105.9608553,37.3095528,,,
Xinjiang,Mainland China,2/4/2020,29,,0,0,87.167384,41.757476,,,
,Thailand,2/4/2020,25,,5,0,,,,,
,Singapore,2/4/2020,24,,0,0,,,,,
,Japan,2/4/2020,22,,1,0,,,,,
Hong Kong,Hong Kong,2/4/2020,17,,0,1,,,,,
,South Korea,2/4/2020,16,,0,0,,,,,
Qinghai,Mainland China,2/4/2020,15,,0,0,,,,,
,Germany,2/3/2020,12,,0,0,,,,,
Taiwan,Taiwan,2/4/2020,11,,0,0,,,,,
Macau,Macau,2/4/2020,10,,0,0,,,,,
,Malaysia,2/4/2020,10,,0,0,,,,,
,Vietnam,2/3/2020,8,,1,0,,,,,
,France,2/1/2020,6,,0,0,,,,,
,United Arab Emirates,2/2/2020,5,,0,0,,,,,
New South Wales,Australia,2/1/2020,4,,2,0,,,,,
Victoria,Australia,2/1/2020,4,,0,0,,,,,
Queensland,Australia,2/4/2020,3,,0,0,,,,,
,India,2/3/2020,3,,0,0,,,,,
South Australia,Australia,2/2/2020,2,,0,0,,,,,
"Toronto, ON",Canada,2/4/2020,2,,0,0,,,,,
,Italy,1/31/2020,2,,0,0,,,,,
,Philippines,2/2/2020,2,,0,1,,,,,
,Russia,1/31/2020,2,,0,0,,,,,
,UK,2/1/2020,2,,0,0,,,,,
"Chicago, IL",United States,2/1/2020,2,,0,0,,,,,
"San Benito, CA",United States,2/3/2020,2,,0,0,,,,,
"Santa Clara, CA",United States,2/3/2020,2,,0,0,,,,,
,Belgium,2/4/2020,1,,0,0,,,,,
,Cambodia,1/31/2020,1,,0,0,,,,,
British Columbia,Canada,2/1/2020,1,,0,0,,,,,
"London, ON",Canada,2/4/2020,1,,0,0,,,,,
,Finland,1/31/2020,1,,0,0,,,,,
Tibet,Mainland China,2/1/2020,1,,0,0,,,,,
,Nepal,1/31/2020,1,,0,0,,,,,
,Spain,2/1/2020,1,,0,0,,,,,
,Sri Lanka,1/31/2020,1,,0,0,,,,,
,Sweden,2/1/2020,1,,0,0,,,,,
"Boston, MA",United States,2/1/2020,1,,0,0,,,,,
"Los Angeles, CA",United States,2/1/2020,1,,0,0,,,,,
"Orange, CA",United States,2/1/2020,1,,0,0,,,,,
"Seattle, WA",United States,2/1/2020,1,,0,0,,,,,
"Tempe, AZ",United States,2/1/2020,1,,0,0,,,,,
Hubei,Mainland China,2/4/2020,13522,,397,414,112.8783222,31.1517252,,,
Zhejiang,Mainland China,2/4/2020,829,,62,0,119.9999999,29.0000001,,,
Guangdong,Mainland China,2/4/2020,813,,30,0,113.1982688,23.1357694,,,
Henan,Mainland China,2/4/2020,675,,27,2,113.9999999,34.0000001,,,
Hunan,Mainland China,2/4/2020,593,,30,0,111.7487063,27.6662087,,,
Anhui,Mainland China,2/4/2020,480,,20,0,117,32,,,
Jiangxi,Mainland China,2/4/2020,476,,19,0,116,28,,,
Chongqing,Mainland China,2/4/2020,344,,9,2,106.5492822,29.5585712,,,
Jiangsu,Mainland China,2/4/2020,308,,12,0,119.9999999,33.0000001,,,
Sichuan,Mainland China,2/4/2020,282,,14,1,102.4999999,30.5000001,,,
Shandong,Mainland China,2/4/2020,275,,11,0,118.9999999,36.0000001,,,
Beijing,Mainland China,2/4/2020,228,,23,1,116.3912757,39.906217,,,
Shanghai,Mainland China,2/4/2020,219,,12,1,121.4890497,31.2252985,,,
Fujian,Mainland China,2/4/2020,194,,3,0,117.842778,26.5450001,,,
Heilongjiang,Mainland China,2/4/2020,155,,4,2,127.999992,48.0000047,,,
Shaanxi,Mainland China,2/4/2020,142,,2,0,109,36,,,
Guangxi,Mainland China,2/4/2020,139,,10,0,109,24,,,
Hebei,Mainland China,2/4/2020,126,,4,1,116,39.0000001,,,
Yunnan,Mainland China,2/4/2020,119,,5,0,102,25,,,
Hainan,Mainland China,2/4/2020,80,,5,1,109.5999999,19.2000001,,,
Liaoning,Mainland China,2/4/2020,77,,2,0,122.3263915,40.9739116,,,
Shanxi,Mainland China,2/4/2020,74,,4,0,112,37,,,
Tianjin,Mainland China,2/4/2020,67,,1,0,117.1980785,39.1235635,,,
Guizhou,Mainland China,2/4/2020,58,,2,0,107,27,,,
Gansu,Mainland China,2/3/2020,55,,3,0,101.9999999,38.0000001,,,
Jilin,Mainland China,2/4/2020,42,,1,0,125.9816054,42.9995032,,,
Inner Mongolia,Mainland China,2/4/2020,35,,1,0,114.3251664,43.2443242,,,
Ningxia,Mainland China,2/4/2020,34,,1,0,105.9608553,37.3095528,,,
Xinjiang,Mainland China,2/4/2020,29,,0,0,87.167384,41.757476,,,
,Japan,2/1/2020,20,,1,0,,,,,
,Thailand,1/31/2020,19,,5,0,,,,,
,Singapore,2/2/2020,18,,0,0,,,,,
Hong Kong,Hong Kong,2/4/2020,17,,0,1,,,,,
Qinghai,Mainland China,2/4/2020,15,,0,0,,,,,
,South Korea,2/2/2020,15,,0,0,,,,,
,Germany,2/3/2020,12,,0,0,,,,,
Macau,Macau,2/4/2020,10,,0,0,,,,,
,Malaysia,2/4/2020,10,,0,0,,,,,
Taiwan,Taiwan,1/31/2020,10,,0,0,,,,,
,Vietnam,2/3/2020,8,,1,0,,,,,
,France,2/1/2020,6,,0,0,,,,,
,United Arab Emirates,2/2/2020,5,,0,0,,,,,
New South Wales,Australia,2/1/2020,4,,2,0,,,,,
Victoria,Australia,2/1/2020,4,,0,0,,,,,
,India,2/3/2020,3,,0,0,,,,,
Queensland,Australia,2/2/2020,2,,0,0,,,,,
South Australia,Australia,2/2/2020,2,,0,0,,,,,
"Toronto, ON",Canada,2/4/2020,2,,0,0,,,,,
,Italy,1/31/2020,2,,0,0,,,,,
,Philippines,2/2/2020,2,,0,1,,,,,
,Russia,1/31/2020,2,,0,0,,,,,
,UK,2/1/2020,2,,0,0,,,,,
"Chicago, IL",United States,2/1/2020,2,,0,0,,,,,
"San Benito, CA",United States,2/3/2020,2,,0,0,,,,,
"Santa Clara, CA",United States,2/3/2020,2,,0,0,,,,,
,Cambodia,1/31/2020,1,,0,0,,,,,
British Columbia,Canada,2/1/2020,1,,0,0,,,,,
"London, ON",Canada,2/4/2020,1,,0,0,,,,,
,Finland,1/31/2020,1,,0,0,,,,,
Tibet,Mainland China,2/1/2020,1,,0,0,,,,,
,Nepal,1/31/2020,1,,0,0,,,,,
,Spain,2/1/2020,1,,0,0,,,,,
,Sri Lanka,1/31/2020,1,,0,0,,,,,
,Sweden,2/1/2020,1,,0,0,,,,,
"Boston, MA",United States,2/1/2020,1,,0,0,,,,,
"Los Angeles, CA",United States,2/1/2020,1,,0,0,,,,,
"Orange, CA",United States,2/1/2020,1,,0,0,,,,,
"Seattle, WA",United States,2/1/2020,1,,0,0,,,,,
"Tempe, AZ",United States,2/1/2020,1,,0,0,,,,,
Hubei,Mainland China,2/4/2020,13522,,396,414,112.8783222,31.1517252,,,
Zhejiang,Mainland China,2/4/2020,829,,48,0,119.9999999,29.0000001,,,
Guangdong,Mainland China,2/4/2020,797,,21,0,113.1982688,23.1357694,,,
Henan,Mainland China,2/4/2020,675,,20,2,113.9999999,34.0000001,,,
Hunan,Mainland China,2/4/2020,593,,22,0,111.7487063,27.6662087,,,
Anhui,Mainland China,2/4/2020,480,,14,0,117,32,,,
Jiangxi,Mainland China,2/4/2020,476,,19,0,116,28,,,
Chongqing,Mainland China,2/3/2020,337,,9,2,106.5492822,29.5585712,,,
Jiangsu,Mainland China,2/4/2020,308,,8,0,119.9999999,33.0000001,,,
Sichuan,Mainland China,2/4/2020,282,,14,1,102.4999999,30.5000001,,,
Shandong,Mainland China,2/4/2020,270,,7,0,118.9999999,36.0000001,,,
Beijing,Mainland China,2/3/2020,212,,12,1,116.3912757,39.906217,,,
Shanghai,Mainland China,2/4/2020,208,,10,1,121.4890497,31.2252985,,,
Fujian,Mainland China,2/3/2020,179,,1,0,117.842778,26.5450001,,,
Heilongjiang,Mainland China,2/4/2020,155,,2,2,127.999992,48.0000047,,,
Shaanxi,Mainland China,2/4/2020,142,,1,0,109,36,,,
Guangxi,Mainland China,2/4/2020,139,,7,0,109,24,,,
Hebei,Mainland China,2/4/2020,126,,3,1,116,39.0000001,,,
Yunnan,Mainland China,2/3/2020,117,,5,0,102,25,,,
Hainan,Mainland China,2/4/2020,79,,4,1,109.5999999,19.2000001,,,
Liaoning,Mainland China,2/3/2020,74,,1,0,122.3263915,40.9739116,,,
Shanxi,Mainland China,2/3/2020,74,,2,0,112,37,,,
Tianjin,Mainland China,2/3/2020,60,,1,0,117.1980785,39.1235635,,,
Guizhou,Mainland China,2/4/2020,56,,2,0,107,27,,,
Gansu,Mainland China,2/3/2020,55,,3,0,101.9999999,38.0000001,,,
Jilin,Mainland China,2/4/2020,42,,1,0,125.9816054,42.9995032,,,
Inner Mongolia,Mainland China,2/3/2020,34,,1,0,114.3251664,43.2443242,,,
Ningxia,Mainland China,2/4/2020,34,,1,0,105.9608553,37.3095528,,,
Xinjiang,Mainland China,2/4/2020,29,,0,0,87.167384,41.757476,,,
,Japan,2/1/2020,20,,1,0,,,,,
,Thailand,1/31/2020,19,,5,0,,,,,
,Singapore,2/2/2020,18,,0,0,,,,,
Hong Kong,Hong Kong,2/2/2020,15,,0,0,,,,,
Qinghai,Mainland China,2/4/2020,15,,0,0,,,,,
,South Korea,2/2/2020,15,,0,0,,,,,
,Germany,2/3/2020,12,,0,0,,,,,
Taiwan,Taiwan,1/31/2020,10,,0,0,,,,,
Macau,Macau,2/2/2020,8,,0,0,,,,,
,Malaysia,1/31/2020,8,,0,0,,,,,
,Vietnam,2/3/2020,8,,1,0,,,,,
,France,2/1/2020,6,,0,0,,,,,
,United Arab Emirates,2/2/2020,5,,0,0,,,,,
New South Wales,Australia,2/1/2020,4,,2,0,,,,,
Victoria,Australia,2/1/2020,4,,0,0,,,,,
,India,2/3/2020,3,,0,0,,,,,
Queensland,Australia,2/2/2020,2,,0,0,,,,,
South Australia,Australia,2/2/2020,2,,0,0,,,,,
"Toronto, ON",Canada,2/4/2020,2,,0,0,,,,,
,Italy,1/31/2020,2,,0,0,,,,,
,Philippines,2/2/2020,2,,0,1,,,,,
,Russia,1/31/2020,2,,0,0,,,,,
,UK,2/1/2020,2,,0,0,,,,,
"Chicago, IL",United States,2/1/2020,2,,0,0,,,,,
"San Benito, CA",United States,2/3/2020,2,,0,0,,,,,
"Santa Clara, CA",United States,2/3/2020,2,,0,0,,,,,
,Cambodia,1/31/2020,1,,0,0,,,,,
British Columbia,Canada,2/1/2020,1,,0,0,,,,,
"London, ON",Canada,2/4/2020,1,,0,0,,,,,
,Finland,1/31/2020,1,,0,0,,,,,
Tibet,Mainland China,2/1/2020,1,,0,0,,,,,
,Nepal,1/31/2020,1,,0,0,,,,,
,Spain,2/1/2020,1,,0,0,,,,,
,Sri Lanka,1/31/2020,1,,0,0,,,,,
,Sweden,2/1/2020,1,,0,0,,,,,
"Boston, MA",United States,2/1/2020,1,,0,0,,,,,
"Los Angeles, CA",United States,2/1/2020,1,,0,0,,,,,
"Orange, CA",United States,2/1/2020,1,,0,0,,,,,
"Seattle, WA",United States,2/1/2020,1,,0,0,,,,,
"Tempe, AZ",United States,2/1/2020,1,,0,0,,,,,
Hubei,Mainland China,2/3/2020,11177,,300,350,112.8783222,31.1517252,,,
Guangdong,Mainland China,2/3/2020,725,,21,0,113.1982688,23.1357694,,,
Zhejiang,Mainland China,2/3/2020,724,,43,0,119.9999999,29.0000001,,,
Henan,Mainland China,2/3/2020,566,,16,2,113.9999999,34.0000001,,,
Hunan,Mainland China,2/3/2020,521,,22,0,111.7487063,27.6662087,,,
Anhui,Mainland China,2/3/2020,408,,14,0,117,32,,,
Jiangxi,Mainland China,2/3/2020,391,,18,0,116,28,,,
Chongqing,Mainland China,2/3/2020,312,,8,2,106.5492822,29.5585712,,,
Jiangsu,Mainland China,2/3/2020,271,,8,0,119.9999999,33.0000001,,,
Shandong,Mainland China,2/3/2020,259,,7,0,118.9999999,36.0000001,,,
Sichuan,Mainland China,2/3/2020,254,,14,1,102.4999999,30.5000001,,,
Beijing,Mainland China,2/3/2020,212,,12,1,116.3912757,39.906217,,,
Shanghai,Mainland China,2/3/2020,203,,10,1,121.4890497,31.2252985,,,
Fujian,Mainland China,2/3/2020,179,,1,0,117.842778,26.5450001,,,
Shaanxi,Mainland China,2/3/2020,128,,0,0,109,36,,,
Guangxi,Mainland China,2/3/2020,127,,7,0,109,24,,,
Heilongjiang,Mainland China,2/3/2020,121,,2,2,127.999992,48.0000047,,,
Yunnan,Mainland China,2/3/2020,114,,5,0,102,25,,,
Hebei,Mainland China,2/3/2020,113,,3,1,116,39.0000001,,,
Liaoning,Mainland China,2/3/2020,74,,1,0,122.3263915,40.9739116,,,
Hainan,Mainland China,2/3/2020,72,,4,1,109.5999999,19.2000001,,,
Shanxi,Mainland China,2/3/2020,66,,2,0,112,37,,,
Tianjin,Mainland China,2/3/2020,60,,1,0,117.1980785,39.1235635,,,
Gansu,Mainland China,2/2/2020,51,,3,0,101.9999999,38.0000001,,,
Guizhou,Mainland China,2/3/2020,46,,2,0,107,27,,,
Inner Mongolia,Mainland China,2/3/2020,34,,1,0,114.3251664,43.2443242,,,
Jilin,Mainland China,2/3/2020,31,,1,0,125.9816054,42.9995032,,,
Ningxia,Mainland China,2/3/2020,31,,1,0,105.9608553,37.3095528,,,
Xinjiang,Mainland China,2/3/2020,24,,0,0,87.167384,41.757476,,,
,Japan,2/1/2020,20,,1,0,,,,,
,Thailand,1/31/2020,19,,5,0,,,,,
,Singapore,2/2/2020,18,,0,0,,,,,
Hong Kong,Hong Kong,2/2/2020,15,,0,0,,,,,
,South Korea,2/2/2020,15,,0,0,,,,,
Qinghai,Mainland China,2/3/2020,13,,0,0,,,,,
,Germany,2/2/2020,10,,0,0,,,,,
Taiwan,Taiwan,1/31/2020,10,,0,0,,,,,
Macau,Macau,2/2/2020,8,,0,0,,,,,
,Malaysia,1/31/2020,8,,0,0,,,,,
,France,2/1/2020,6,,0,0,,,,,
,Vietnam,2/1/2020,6,,1,0,,,,,
,United Arab Emirates,2/2/2020,5,,0,0,,,,,
New South Wales,Australia,2/1/2020,4,,2,0,,,,,
Victoria,Australia,2/1/2020,4,,0,0,,,,,
Ontario,Canada,2/1/2020,3,,0,0,,,,,
Queensland,Australia,2/2/2020,2,,0,0,,,,,
South Australia,Australia,2/2/2020,2,,0,0,,,,,
,India,2/2/2020,2,,0,0,,,,,
,Italy,1/31/2020,2,,0,0,,,,,
,Philippines,2/2/2020,2,,0,1,,,,,
,Russia,1/31/2020,2,,0,0,,,,,
,UK,2/1/2020,2,,0,0,,,,,
"Chicago, IL",United States,2/1/2020,2,,0,0,,,,,
"San Benito, CA",United States,2/3/2020,2,,0,0,,,,,
"Santa Clara, CA",United States,2/3/2020,2,,0,0,,,,,
,Cambodia,1/31/2020,1,,0,0,,,,,
British Columbia,Canada,2/1/2020,1,,0,0,,,,,
,Finland,1/31/2020,1,,0,0,,,,,
Tibet,Mainland China,2/1/2020,1,,0,0,,,,,
,Nepal,1/31/2020,1,,0,0,,,,,
,Spain,2/1/2020,1,,0,0,,,,,
,Sri Lanka,1/31/2020,1,,0,0,,,,,
,Sweden,2/1/2020,1,,0,0,,,,,
"Boston, MA",United States,2/1/2020,1,,0,0,,,,,
"Los Angeles, CA",United States,2/1/2020,1,,0,0,,,,,
"Orange, CA",United States,2/1/2020,1,,0,0,,,,,
"Seattle, WA",United States,2/1/2020,1,,0,0,,,,,
"Tempe, AZ",United States,2/1/2020,1,,0,0,,,,,
Hubei,Mainland China,2/2/2020,11177,,295,350,112.8783222,31.1517252,,,
Zhejiang,Mainland China,2/3/2020,724,,36,0,119.9999999,29.0000001,,,
Guangdong,Mainland China,2/3/2020,683,,15,0,113.1982688,23.1357694,,,
Henan,Mainland China,2/3/2020,566,,14,2,113.9999999,34.0000001,,,
Hunan,Mainland China,2/3/2020,521,,16,0,111.7487063,27.6662087,,,
Anhui,Mainland China,2/3/2020,408,,7,0,117,32,,,
Jiangxi,Mainland China,2/3/2020,391,,18,0,116,28,,,
Chongqing,Mainland China,2/2/2020,300,,7,2,106.5492822,29.5585712,,,
Jiangsu,Mainland China,2/3/2020,271,,7,0,119.9999999,33.0000001,,,
Sichuan,Mainland China,2/3/2020,254,,12,1,102.4999999,30.5000001,,,
Shandong,Mainland China,2/3/2020,246,,6,0,118.9999999,36.0000001,,,
Shanghai,Mainland China,2/3/2020,193,,10,1,121.4890497,31.2252985,,,
Beijing,Mainland China,2/2/2020,191,,9,1,116.3912757,39.906217,,,
Fujian,Mainland China,2/2/2020,159,,0,0,117.842778,26.5450001,,,
Guangxi,Mainland China,2/3/2020,127,,2,0,109,24,,,
Shaanxi,Mainland China,2/2/2020,116,,0,0,109,36,,,
Hebei,Mainland China,2/3/2020,113,,3,1,116,39.0000001,,,
Yunnan,Mainland China,2/2/2020,105,,3,0,102,25,,,
Heilongjiang,Mainland China,2/2/2020,95,,2,2,127.999992,48.0000047,,,
Hainan,Mainland China,2/3/2020,71,,4,1,109.5999999,19.2000001,,,
Liaoning,Mainland China,2/2/2020,70,,1,0,122.3263915,40.9739116,,,
Shanxi,Mainland China,2/2/2020,66,,3,0,112,37,,,
Gansu,Mainland China,2/2/2020,51,,3,0,101.9999999,38.0000001,,,
Tianjin,Mainland China,2/2/2020,48,,1,0,117.1980785,39.1235635,,,
Guizhou,Mainland China,2/3/2020,46,,2,0,107,27,,,
Jilin,Mainland China,2/3/2020,31,,1,0,125.9816054,42.9995032,,,
Ningxia,Mainland China,2/2/2020,28,,0,0,105.9608553,37.3095528,,,
Inner Mongolia,Mainland China,2/2/2020,27,,1,0,114.3251664,43.2443242,,,
Xinjiang,Mainland China,2/3/2020,24,,0,0,87.167384,41.757476,,,
,Japan,2/1/2020,20,,1,0,,,,,
,Thailand,1/31/2020,19,,5,0,,,,,
,Singapore,2/2/2020,18,,0,0,,,,,
Hong Kong,Hong Kong,2/2/2020,15,,0,0,,,,,
,South Korea,2/2/2020,15,,0,0,,,,,
Qinghai,Mainland China,2/2/2020,11,,0,0,,,,,
,Germany,2/2/2020,10,,0,0,,,,,
Taiwan,Taiwan,1/31/2020,10,,0,0,,,,,
Macau,Macau,2/2/2020,8,,0,0,,,,,
,Malaysia,1/31/2020,8,,0,0,,,,,
,France,2/1/2020,6,,0,0,,,,,
,Vietnam,2/1/2020,6,,1,0,,,,,
,United Arab Emirates,2/2/2020,5,,0,0,,,,,
New South Wales,Australia,2/1/2020,4,,2,0,,,,,
Victoria,Australia,2/1/2020,4,,0,0,,,,,
Ontario,Canada,2/1/2020,3,,0,0,,,,,
Queensland,Australia,2/2/2020,2,,0,0,,,,,
South Australia,Australia,2/2/2020,2,,0,0,,,,,
,India,2/2/2020,2,,0,0,,,,,
,Italy,1/31/2020,2,,0,0,,,,,
,Philippines,2/2/2020,2,,0,1,,,,,
,Russia,1/31/2020,2,,0,0,,,,,
,UK,2/1/2020,2,,0,0,,,,,
"Chicago, IL",United States,2/1/2020,2,,0,0,,,,,
"Santa Clara, CA",United States,2/3/2020,2,,0,0,,,,,
,Cambodia,1/31/2020,1,,0,0,,,,,
British Columbia,Canada,2/1/2020,1,,0,0,,,,,
,Finland,1/31/2020,1,,0,0,,,,,
Tibet,Mainland China,2/1/2020,1,,0,0,,,,,
,Nepal,1/31/2020,1,,0,0,,,,,
,Spain,2/1/2020,1,,0,0,,,,,
,Sri Lanka,1/31/2020,1,,0,0,,,,,
,Sweden,2/1/2020,1,,0,0,,,,,
"Boston, MA",United States,2/1/2020,1,,0,0,,,,,
"Los Angeles, CA",United States,2/1/2020,1,,0,0,,,,,
"Orange, CA",United States,2/1/2020,1,,0,0,,,,,
"Seattle, WA",United States,2/1/2020,1,,0,0,,,,,
"Tempe, AZ",United States,2/1/2020,1,,0,0,,,,,
Hubei,Mainland China,2/2/2020,11177,,295,350,112.8783222,31.1517252,,,
Zhejiang,Mainland China,2/2/2020,661,,32,0,119.9999999,29.0000001,,,
Guangdong,Mainland China,2/2/2020,632,,15,0,113.1982688,23.1357694,,,
Henan,Mainland China,2/2/2020,493,,10,2,113.9999999,34.0000001,,,
Hunan,Mainland China,2/2/2020,463,,16,0,111.7487063,27.6662087,,,
Anhui,Mainland China,2/2/2020,340,,7,0,117,32,,,
Jiangxi,Mainland China,2/2/2020,333,,12,0,116,28,,,
Chongqing,Mainland China,2/2/2020,300,,7,2,106.5492822,29.5585712,,,
Jiangsu,Mainland China,2/2/2020,236,,7,0,119.9999999,33.0000001,,,
Sichuan,Mainland China,2/2/2020,231,,11,1,102.4999999,30.5000001,,,
Shandong,Mainland China,2/2/2020,230,,6,0,118.9999999,36.0000001,,,
Shanghai,Mainland China,2/3/2020,193,,10,1,121.4890497,31.2252985,,,
Beijing,Mainland China,2/2/2020,191,,9,1,116.3912757,39.906217,,,
Fujian,Mainland China,2/2/2020,159,,0,0,117.842778,26.5450001,,,
Guangxi,Mainland China,2/3/2020,127,,2,0,109,24,,,
Shaanxi,Mainland China,2/2/2020,116,,0,0,109,36,,,
Hebei,Mainland China,2/3/2020,113,,3,1,116,39.0000001,,,
Yunnan,Mainland China,2/2/2020,105,,3,0,102,25,,,
Heilongjiang,Mainland China,2/2/2020,95,,2,2,127.999992,48.0000047,,,
Liaoning,Mainland China,2/3/2020,70,,1,0,122.3263915,40.9739116,,,
Shanxi,Mainland China,2/2/2020,66,,3,0,112,37,,,
Hainan,Mainland China,2/2/2020,64,,4,1,109.5999999,19.2000001,,,
Gansu,Mainland China,2/2/2020,51,,3,0,101.9999999,38.0000001,,,
Tianjin,Mainland China,2/2/2020,48,,1,0,117.1980785,39.1235635,,,
Guizhou,Mainland China,2/2/2020,38,,2,0,107,27,,,
Ningxia,Mainland China,2/2/2020,28,,0,0,105.9608553,37.3095528,,,
Inner Mongolia,Mainland China,2/2/2020,27,,1,0,114.3251664,43.2443242,,,
Jilin,Mainland China,2/2/2020,23,,1,0,125.9816054,42.9995032,,,
Xinjiang,Mainland China,2/2/2020,21,,0,0,87.167384,41.757476,,,
,Japan,2/1/2020,20,,1,0,,,,,
,Thailand,1/31/2020,19,,5,0,,,,,
,Singapore,2/2/2020,18,,0,0,,,,,
Hong Kong,Hong Kong,2/2/2020,15,,0,0,,,,,
,South Korea,2/2/2020,15,,0,0,,,,,
Qinghai,Mainland China,2/2/2020,11,,0,0,,,,,
,Germany,2/2/2020,10,,0,0,,,,,
Taiwan,Taiwan,1/31/2020,10,,0,0,,,,,
Macau,Macau,2/2/2020,8,,0,0,,,,,
,Malaysia,1/31/2020,8,,0,0,,,,,
,France,2/1/2020,6,,0,0,,,,,
,Vietnam,2/1/2020,6,,1,0,,,,,
,United Arab Emirates,2/2/2020,5,,0,0,,,,,
New South Wales,Australia,2/1/2020,4,,2,0,,,,,
Victoria,Australia,2/1/2020,4,,0,0,,,,,
Ontario,Canada,2/1/2020,3,,0,0,,,,,
Queensland,Australia,2/2/2020,2,,0,0,,,,,
South Australia,Australia,2/2/2020,2,,0,0,,,,,
,India,2/2/2020,2,,0,0,,,,,
,Italy,1/31/2020,2,,0,0,,,,,
,Philippines,2/2/2020,2,,0,1,,,,,
,Russia,1/31/2020,2,,0,0,,,,,
,UK,2/1/2020,2,,0,0,,,,,
"Chicago, IL",United States,2/1/2020,2,,0,0,,,,,
,Cambodia,2/3/2020,1,,0,0,,,,,
British Columbia,Canada,1/31/2020,1,,0,0,,,,,
,Finland,2/1/2020,1,,0,0,,,,,
Tibet,Mainland China,1/31/2020,1,,0,0,,,,,
,Nepal,2/1/2020,1,,0,0,,,,,
,Spain,1/31/2020,1,,0,0,,,,,
,Sri Lanka,2/1/2020,1,,0,0,,,,,
,Sweden,1/31/2020,1,,0,0,,,,,
"Boston, MA",United States,2/1/2020,1,,0,0,,,,,
"Los Angeles, CA",United States,2/1/2020,1,,0,0,,,,,
"Orange, CA",United States,2/1/2020,1,,0,0,,,,,
"Santa Clara, CA",United States,2/1/2020,1,,0,0,,,,,
"Seattle, WA",United States,2/1/2020,1,,0,0,,,,,
"Tempe, AZ",United States,2/1/2020,1,,0,0,,,,,
Hubei,Mainland China,2/1/2020,11177,,295,350,112.8783222,31.1517252,,,
Zhejiang,Mainland China,2/2/2020,661,,32,0,119.9999999,29.0000001,,,
Guangdong,Mainland China,2/2/2020,632,,15,0,113.1982688,23.1357694,,,
Henan,Mainland China,2/2/2020,493,,10,2,113.9999999,34.0000001,,,
Hunan,Mainland China,2/2/2020,463,,16,0,111.7487063,27.6662087,,,
Anhui,Mainland China,2/2/2020,340,,7,0,117,32,,,
Jiangxi,Mainland China,2/2/2020,333,,12,0,116,28,,,
Chongqing,Mainland China,2/2/2020,300,,7,2,106.5492822,29.5585712,,,
Jiangsu,Mainland China,2/2/2020,236,,7,0,119.9999999,33.0000001,,,
Sichuan,Mainland China,2/2/2020,231,,11,1,102.4999999,30.5000001,,,
Shandong,Mainland China,2/2/2020,230,,6,0,118.9999999,36.0000001,,,
Shanghai,Mainland China,2/2/2020,193,,10,1,121.4890497,31.2252985,,,
Beijing,Mainland China,2/2/2020,191,,9,1,116.3912757,39.906217,,,
Fujian,Mainland China,2/2/2020,159,,0,0,117.842778,26.5450001,,,
Guangxi,Mainland China,2/2/2020,127,,2,0,109,24,,,
Shaanxi,Mainland China,2/2/2020,116,,0,0,109,36,,,
Hebei,Mainland China,2/2/2020,113,,3,1,116,39.0000001,,,
Yunnan,Mainland China,2/2/2020,105,,3,0,102,25,,,
Heilongjiang,Mainland China,2/2/2020,95,,2,2,127.999992,48.0000047,,,
Liaoning,Mainland China,2/2/2020,70,,1,0,122.3263915,40.9739116,,,
Shanxi,Mainland China,2/2/2020,66,,3,0,112,37,,,
Hainan,Mainland China,2/1/2020,64,,4,1,109.5999999,19.2000001,,,
Gansu,Mainland China,2/2/2020,51,,3,0,101.9999999,38.0000001,,,
Tianjin,Mainland China,2/1/2020,48,,1,0,117.1980785,39.1235635,,,
Guizhou,Mainland China,2/2/2020,38,,2,0,107,27,,,
Ningxia,Mainland China,2/2/2020,28,,0,0,105.9608553,37.3095528,,,
Inner Mongolia,Mainland China,2/2/2020,27,,1,0,114.3251664,43.2443242,,,
Jilin,Mainland China,2/2/2020,23,,1,0,125.9816054,42.9995032,,,
Xinjiang,Mainland China,2/2/2020,21,,0,0,87.167384,41.757476,,,
,Japan,2/1/2020,20,,1,0,,,,,
,Thailand,1/31/2020,19,,5,0,,,,,
,Singapore,2/2/2020,18,,0,0,,,,,
Hong Kong,Hong Kong,2/2/2020,15,,0,0,,,,,
,South Korea,2/2/2020,15,,0,0,,,,,
Qinghai,Mainland China,2/2/2020,11,,0,0,,,,,
,Germany,1/31/2020,10,,0,0,,,,,
Taiwan,Taiwan,2/1/2020,10,,0,0,,,,,
Macau,Macau,2/2/2020,8,,0,0,,,,,
,Malaysia,1/31/2020,8,,0,0,,,,,
,France,2/1/2020,6,,0,0,,,,,
,Vietnam,2/1/2020,6,,1,0,,,,,
,United Arab Emirates,2/2/2020,5,,0,0,,,,,
New South Wales,Australia,2/1/2020,4,,2,0,,,,,
Victoria,Australia,2/1/2020,4,,0,0,,,,,
Ontario,Canada,2/1/2020,3,,0,0,,,,,
Queensland,Australia,2/1/2020,2,,0,0,,,,,
South Australia,Australia,2/2/2020,2,,0,0,,,,,
,India,1/31/2020,2,,0,0,,,,,
,Italy,2/2/2020,2,,0,0,,,,,
,Philippines,1/31/2020,2,,0,1,,,,,
,Russia,2/1/2020,2,,0,0,,,,,
,UK,2/1/2020,2,,0,0,,,,,
"Chicago, IL",United States,2/1/2020,2,,0,0,,,,,
,Cambodia,1/31/2020,1,,0,0,,,,,
British Columbia,Canada,2/1/2020,1,,0,0,,,,,
,Finland,1/31/2020,1,,0,0,,,,,
Tibet,Mainland China,2/1/2020,1,,0,0,,,,,
,Nepal,1/31/2020,1,,0,0,,,,,
,Spain,2/1/2020,1,,0,0,,,,,
,Sri Lanka,1/31/2020,1,,0,0,,,,,
,Sweden,2/1/2020,1,,0,0,,,,,
"Boston, MA",United States,2/1/2020,1,,0,0,,,,,
"Los Angeles, CA",United States,2/1/2020,1,,0,0,,,,,
"Orange, CA",United States,2/1/2020,1,,0,0,,,,,
"Santa Clara, CA",United States,2/1/2020,1,,0,0,,,,,
"Seattle, WA",United States,2/1/2020,1,,0,0,,,,,
"Tempe, AZ",United States,2/1/2020,1,,0,0,,,,,
Hubei,Mainland China,2/1/2020,9074,,215,294,112.8783222,31.1517252,,,
Zhejiang,Mainland China,2/2/2020,661,,23,0,119.9999999,29.0000001,,,
Guangdong,Mainland China,2/2/2020,604,,14,0,113.1982688,23.1357694,,,
Henan,Mainland China,2/2/2020,493,,4,2,113.9999999,34.0000001,,,
Hunan,Mainland China,2/2/2020,463,,8,0,111.7487063,27.6662087,,,
Anhui,Mainland China,2/2/2020,340,,5,0,117,32,,,
Jiangxi,Mainland China,2/2/2020,333,,10,0,116,28,,,
Chongqing,Mainland China,2/1/2020,262,,3,1,106.5492822,29.5585712,,,
Jiangsu,Mainland China,2/2/2020,236,,6,0,119.9999999,33.0000001,,,
Sichuan,Mainland China,2/2/2020,231,,3,1,102.4999999,30.5000001,,,
Shandong,Mainland China,2/2/2020,225,,5,0,118.9999999,36.0000001,,,
Beijing,Mainland China,2/2/2020,183,,9,1,116.3912757,39.906217,,,
Shanghai,Mainland China,2/2/2020,177,,10,1,121.4890497,31.2252985,,,
Fujian,Mainland China,2/2/2020,159,,0,0,117.842778,26.5450001,,,
Shaanxi,Mainland China,2/2/2020,116,,0,0,109,36,,,
Guangxi,Mainland China,2/2/2020,111,,2,0,109,24,,,
Hebei,Mainland China,2/2/2020,104,,3,1,116,39.0000001,,,
Heilongjiang,Mainland China,2/2/2020,95,,2,2,127.999992,48.0000047,,,
Yunnan,Mainland China,2/1/2020,93,,2,0,102,25,,,
Liaoning,Mainland China,2/1/2020,64,,1,0,122.3263915,40.9739116,,,
Hainan,Mainland China,2/2/2020,63,,1,1,109.5999999,19.2000001,,,
Shanxi,Mainland China,2/1/2020,56,,1,0,112,37,,,
Tianjin,Mainland China,2/2/2020,45,,0,0,117.1980785,39.1235635,,,
Gansu,Mainland China,2/1/2020,40,,0,0,101.9999999,38.0000001,,,
Guizhou,Mainland China,2/2/2020,38,,2,0,107,27,,,
Ningxia,Mainland China,2/2/2020,28,,0,0,105.9608553,37.3095528,,,
Inner Mongolia,Mainland China,2/2/2020,27,,1,0,114.3251664,43.2443242,,,
Jilin,Mainland China,2/2/2020,23,,1,0,125.9816054,42.9995032,,,
Xinjiang,Mainland China,2/2/2020,21,,0,0,87.167384,41.757476,,,
,Japan,2/1/2020,20,,1,0,,,,,
,Thailand,1/31/2020,19,,5,0,,,,,
,Singapore,2/2/2020,18,,0,0,,,,,
,South Korea,2/2/2020,15,,0,0,,,,,
Hong Kong,Hong Kong,2/2/2020,14,,0,0,,,,,
Taiwan,Taiwan,1/31/2020,10,,0,0,,,,,
Qinghai,Mainland China,2/1/2020,9,,0,0,,,,,
,Germany,2/1/2020,8,,0,0,,,,,
,Malaysia,1/31/2020,8,,0,0,,,,,
Macau,Macau,1/31/2020,7,,0,0,,,,,
,France,2/1/2020,6,,0,0,,,,,
,Vietnam,2/1/2020,6,,1,0,,,,,
New South Wales,Australia,2/1/2020,4,,2,0,,,,,
Victoria,Australia,2/1/2020,4,,0,0,,,,,
,United Arab Emirates,1/31/2020,4,,0,0,,,,,
Queensland,Australia,2/1/2020,2,,0,0,,,,,
Ontario,Canada,2/1/2020,3,,0,0,,,,,
,Italy,1/31/2020,2,,0,0,,,,,
,Philippines,2/2/2020,2,,0,1,,,,,
,Russia,1/31/2020,2,,0,0,,,,,
,UK,2/1/2020,2,,0,0,,,,,
"Chicago, IL",United States,2/1/2020,2,,0,0,,,,,
South Australia,Australia,2/1/2020,2,,0,0,,,,,
,Cambodia,1/31/2020,1,,0,0,,,,,
British Columbia,Canada,2/1/2020,1,,0,0,,,,,
,Finland,1/31/2020,1,,0,0,,,,,
,India,1/31/2020,1,,0,0,,,,,
Tibet,Mainland China,2/1/2020,1,,0,0,,,,,
,Nepal,1/31/2020,1,,0,0,,,,,
,Spain,2/1/2020,1,,0,0,,,,,
,Sri Lanka,1/31/2020,1,,0,0,,,,,
,Sweden,2/1/2020,1,,0,0,,,,,
"Boston, MA",United States,2/1/2020,1,,0,0,,,,,
"Los Angeles, CA",United States,2/1/2020,1,,0,0,,,,,
"Orange, CA",United States,2/1/2020,1,,0,0,,,,,
"Santa Clara, CA",United States,2/1/2020,1,,0,0,,,,,
"Seattle, WA",United States,2/1/2020,1,,0,0,,,,,
"Tempe, AZ",United States,2/1/2020,1,,0,0,,,,,
Hubei,Mainland China,2/1/2020,7153,,168,249,112.8783222,31.1517252,,,
Zhejiang,Mainland China,2/1/2020,599,,21,0,119.9999999,29.0000001,,,
Guangdong,Mainland China,2/1/2020,535,,14,0,113.1982688,23.1357694,,,
Henan,Mainland China,2/1/2020,422,,3,2,113.9999999,34.0000001,,,
Hunan,Mainland China,2/1/2020,389,,8,0,111.7487063,27.6662087,,,
Anhui,Mainland China,2/1/2020,297,,5,0,117,32,,,
Jiangxi,Mainland China,2/1/2020,286,,9,0,116,28,,,
Chongqing,Mainland China,2/1/2020,247,,3,1,106.5492822,29.5585712,,,
Sichuan,Mainland China,2/1/2020,207,,3,1,102.4999999,30.5000001,,,
Shandong,Mainland China,2/1/2020,206,,3,0,118.9999999,36.0000001,,,
Jiangsu,Mainland China,2/1/2020,202,,6,0,119.9999999,33.0000001,,,
Shanghai,Mainland China,2/1/2020,169,,10,1,121.4890497,31.2252985,,,
Beijing,Mainland China,2/1/2020,168,,9,1,116.3912757,39.906217,,,
Fujian,Mainland China,2/1/2020,144,,0,0,117.842778,26.5450001,,,
Shaanxi,Mainland China,2/1/2020,101,,0,0,109,36,,,
Guangxi,Mainland China,2/1/2020,100,,2,0,109,24,,,
Hebei,Mainland China,2/1/2020,96,,0,1,116,39.0000001,,,
Yunnan,Mainland China,2/1/2020,93,,2,0,102,25,,,
Heilongjiang,Mainland China,2/1/2020,80,,2,2,127.999992,48.0000047,,,
Liaoning,Mainland China,2/1/2020,64,,1,0,122.3263915,40.9739116,,,
Hainan,Mainland China,2/1/2020,62,,1,1,109.5999999,19.2000001,,,
Shanxi,Mainland China,2/1/2020,47,,1,0,112,37,,,
Tianjin,Mainland China,2/1/2020,41,,0,0,117.1980785,39.1235635,,,
Gansu,Mainland China,2/1/2020,40,,0,0,101.9999999,38.0000001,,,
Guizhou,Mainland China,1/31/2020,29,,2,0,107,27,,,
Ningxia,Mainland China,2/1/2020,26,,0,0,105.9608553,37.3095528,,,
Inner Mongolia,Mainland China,2/1/2020,23,,1,0,114.3251664,43.2443242,,,
,Japan,2/1/2020,20,,1,0,,,,,
,Thailand,1/31/2020,19,,5,0,,,,,
Xinjiang,Mainland China,2/1/2020,18,,0,0,87.167384,41.757476,,,
Jilin,Mainland China,2/1/2020,17,,1,0,125.9816054,42.9995032,,,
,Singapore,2/1/2020,16,,0,0,,,,,
Hong Kong,Hong Kong,2/1/2020,13,,0,0,,,,,
,South Korea,2/1/2020,12,,0,0,,,,,
Taiwan,Taiwan,1/31/2020,10,,0,0,,,,,
Qinghai,Mainland China,2/1/2020,9,,0,0,,,,,
,Malaysia,1/31/2020,8,,0,0,,,,,
,Germany,2/1/2020,8,,0,0,,,,,
Macau,Macau,1/31/2020,7,,0,0,,,,,
,France,2/1/2020,6,,0,0,,,,,
,Vietnam,2/1/2020,6,,1,0,,,,,
New South Wales,Australia,2/1/2020,4,,2,0,,,,,
Victoria,Australia,2/1/2020,4,,0,0,,,,,
,United Arab Emirates,1/31/2020,4,,0,0,,,,,
Queensland,Australia,2/1/2020,3,,0,0,,,,,
Ontario,Canada,2/1/2020,3,,0,0,,,,,
,Italy,1/31/2020,2,,0,0,,,,,
,Russia,1/31/2020,2,,0,0,,,,,
,UK,2/1/2020,2,,0,0,,,,,
"Chicago, IL",United States,2/1/2020,2,,0,0,,,,,
South Australia,Australia,2/1/2020,1,,0,0,,,,,
,Cambodia,1/31/2020,1,,0,0,,,,,
British Columbia,Canada,2/1/2020,1,,0,0,,,,,
,Finland,1/31/2020,1,,0,0,,,,,
,India,1/31/2020,1,,0,0,,,,,
Tibet,Mainland China,2/1/2020,1,,0,0,,,,,
,Nepal,1/31/2020,1,,0,0,,,,,
,Philippines,2/1/2020,1,,0,0,,,,,
,Spain,2/1/2020,1,,0,0,,,,,
,Sri Lanka,1/31/2020,1,,0,0,,,,,
,Sweden,2/1/2020,1,,0,0,,,,,
"Boston, MA",United States,2/1/2020,1,,0,0,,,,,
"Los Angeles, CA",United States,2/1/2020,1,,0,0,,,,,
"Orange, CA",United States,2/1/2020,1,,0,0,,,,,
"Santa Clara, CA",United States,2/1/2020,1,,0,0,,,,,
"Seattle, WA",United States,2/1/2020,1,,0,0,,,,,
"Tempe, AZ",United States,2/1/2020,1,,0,0,,,,,
Hubei,Mainland China,2/1/2020,7153,,168,249,112.8783222,31.1517252,,,
Zhejiang,Mainland China,2/1/2020,599,,21,,119.9999999,29.0000001,,,
Guangdong,Mainland China,2/1/2020,535,,14,,113.1982688,23.1357694,,,
Henan,Mainland China,2/1/2020,422,,3,2,113.9999999,34.0000001,,,
Hunan,Mainland China,2/1/2020,389,,8,,111.7487063,27.6662087,,,
Anhui,Mainland China,2/1/2020,297,,5,,117,32,,,
Jiangxi,Mainland China,2/1/2020,286,,9,,116,28,,,
Chongqing,Mainland China,2/1/2020,247,,3,1,106.5492822,29.5585712,,,
Sichuan,Mainland China,2/1/2020,207,,3,1,102.4999999,30.5000001,,,
Shandong,Mainland China,2/1/2020,206,,3,,118.9999999,36.0000001,,,
Jiangsu,Mainland China,2/1/2020,202,,6,,119.9999999,33.0000001,,,
Shanghai,Mainland China,2/1/2020,169,,10,1,121.4890497,31.2252985,,,
Beijing,Mainland China,2/1/2020,168,,9,1,116.3912757,39.906217,,,
Fujian,Mainland China,2/1/2020,144,,,,117.842778,26.5450001,,,
Shaanxi,Mainland China,2/1/2020,101,,,,109,36,,,
Guangxi,Mainland China,2/1/2020,100,,2,,109,24,,,
Hebei,Mainland China,2/1/2020,96,,,1,116,39.0000001,,,
Yunnan,Mainland China,2/1/2020,91,,2,,102,25,,,
Heilongjiang,Mainland China,2/1/2020,80,,2,2,127.999992,48.0000047,,,
Liaoning,Mainland China,2/1/2020,63,,1,,122.3263915,40.9739116,,,
Hainan,Mainland China,2/1/2020,62,,1,1,109.5999999,19.2000001,,,
Shanxi,Mainland China,2/1/2020,47,,1,,112,37,,,
Tianjin,Mainland China,2/1/2020,38,,,,117.1980785,39.1235635,,,
Gansu,Mainland China,2/1/2020,35,,,,101.9999999,38.0000001,,,
Guizhou,Mainland China,2/1/2020,29,,2,,107,27,,,
Ningxia,Mainland China,2/1/2020,26,,,,105.9608553,37.3095528,,,
Inner Mongolia,Mainland China,2/1/2020,23,,1,,114.3251664,43.2443242,,,
Xinjiang,Mainland China,2/1/2020,18,,,,87.167384,41.757476,,,
Jilin,Mainland China,2/1/2020,17,,1,,125.9816054,42.9995032,,,
Hong Kong,Hong Kong,2/1/2020,13,,,,,,,,
Taiwan,Taiwan,2/1/2020,10,,,,,,,,
Qinghai,Mainland China,2/1/2020,9,,,,,,,,
Macau,Macau,2/1/2020,7,,,,,,,,
Tibet,Mainland China,2/1/2020,1,,,,,,,,
Washington,United States,2/1/2020,1,,,,,,,,
Illinois,United States,2/1/2020,2,,,,,,,,
California,United States,2/1/2020,3,,,,,,,,
Arizona,United States,2/1/2020,1,,,,,,,,
,Japan,2/1/2020,17,,1,,,,,,
,Thailand,2/1/2020,19,,7,,,,,,
,South Korea,2/1/2020,12,,,,,,,,
,Singapore,2/1/2020,18,,,,,,,,
,Vietnam,2/1/2020,6,,1,,,,,,
,France,2/1/2020,6,,,,,,,,
,Nepal,2/1/2020,1,,,,,,,,
,Malaysia,2/1/2020,8,,,,,,,,
Ontario,Canada,2/1/2020,3,,,,,,,,
British Columbia,Canada,2/1/2020,1,,,,,,,,
,Cambodia,2/1/2020,1,,,,,,,,
,Sri Lanka,2/1/2020,1,,1,,,,,,
New South Wales,Australia,2/1/2020,4,,2,,,,,,
Victoria,Australia,2/1/2020,4,,,,,,,,
Queensland,Australia,2/1/2020,3,,,,,,,,
South Australia,Australia,2/1/2020,1,,,,,,,,
Bavaria,Germany,2/1/2020,7,,,,,,,,
,Finland,2/1/2020,1,,,,,,,,
,United Arab Emirates,2/1/2020,4,,,,,,,,
,Philippines,2/1/2020,1,,,,,,,,
,India,2/1/2020,1,,,,,,,,
,Italy,2/1/2020,2,,,,,,,,
,Sweden,2/1/2020,1,,,,,,,,
,Russia,2/1/2020,2,,,,,,,,
,Spain,2/1/2020,1,,,,,,,,
,UK,2/1/2020,2,,,,,,,,
Hubei,Mainland China,1/31/2020,5806,,141,204,112.8783222,31.1517252,,,
Zhejiang,Mainland China,1/31/2020,538,,14,,119.9999999,29.0000001,,,
Guangdong,Mainland China,1/31/2020,436,,11,,113.1982688,23.1357694,,,
Henan,Mainland China,1/31/2020,352,,3,2,113.9999999,34.0000001,,,
Hunan,Mainland China,1/31/2020,332,,2,,111.7487063,27.6662087,,,
Jiangxi,Mainland China,1/31/2020,240,,7,,116,28,,,
Anhui,Mainland China,1/31/2020,237,,3,,117,32,,,
Chongqing,Mainland China,1/31/2020,211,,1,,106.5492822,29.5585712,,,
Shandong,Mainland China,1/31/2020,184,,2,,118.9999999,36.0000001,,,
Sichuan,Mainland China,1/31/2020,177,,1,1,102.4999999,30.5000001,,,
Jiangsu,Mainland China,1/31/2020,168,,5,,119.9999999,33.0000001,,,
Beijing,Mainland China,1/31/2020,139,,5,1,116.3912757,39.906217,,,
Shanghai,Mainland China,1/31/2020,135,,9,1,121.4890497,31.2252985,,,
Fujian,Mainland China,1/31/2020,120,,,,117.842778,26.5450001,,,
Guangxi,Mainland China,1/31/2020,87,,2,,109,24,,,
Shaanxi,Mainland China,1/31/2020,87,,,,109,36,,,
Yunnan,Mainland China,1/31/2020,83,,1,,102,25,,,
Hebei,Mainland China,1/31/2020,82,,,1,116,39.0000001,,,
Heilongjiang,Mainland China,1/31/2020,59,,,2,127.999992,48.0000047,,,
Hainan,Mainland China,1/31/2020,52,,1,1,109.5999999,19.2000001,,,
Liaoning,Mainland China,1/31/2020,48,,1,,122.3263915,40.9739116,,,
Shanxi,Mainland China,1/31/2020,39,,1,,112,37,,,
Tianjin,Mainland China,1/31/2020,32,,,,117.1980785,39.1235635,,,
Guizhou,Mainland China,1/31/2020,29,,2,,107,27,,,
Gansu,Mainland China,1/31/2020,29,,,,101.9999999,38.0000001,,,
Ningxia,Mainland China,1/31/2020,21,,,,105.9608553,37.3095528,,,
Inner Mongolia,Mainland China,1/31/2020,20,,1,,114.3251664,43.2443242,,,
Xinjiang,Mainland China,1/31/2020,17,,,,87.167384,41.757476,,,
Jilin,Mainland China,1/31/2020,14,,1,,125.9816054,42.9995032,,,
Hong Kong,Hong Kong,1/31/2020,12,,,,,,,,
Taiwan,Taiwan,1/31/2020,10,,,,,,,,
Qinghai,Mainland China,1/31/2020,8,,,,,,,,
Macau,Macau,1/31/2020,7,,,,,,,,
Tibet,Mainland China,1/31/2020,1,,,,,,,,
,Thailand,1/31/2020,19,,5,,,,,,
,Japan,1/31/2020,15,,1,,,,,,
,Singapore,1/31/2020,13,,,,,,,,
,South Korea,1/31/2020,11,,,,,,,,
,Malaysia,1/31/2020,8,,,,,,,,
,France,1/31/2020,5,,,,,,,,
Bavaria,Germany,1/31/2020,5,,,,,,,,
New South Wales,Australia,1/31/2020,4,,2,,,,,,
,United Arab Emirates,1/31/2020,4,,,,,,,,
Victoria,Australia,1/31/2020,3,,,,,,,,
Illinois,United States,1/31/2020,2,,,,,,,,
California,United States,1/31/2020,3,,,,,,,,
,Vietnam,1/31/2020,2,,,,,,,,
Ontario,Canada,1/31/2020,2,,,,,,,,
Queensland,Australia,1/31/2020,2,,,,,,,,
,Italy,1/31/2020,2,,,,,,,,
,UK,1/31/2020,2,,,,,,,,
,Russia,1/31/2020,2,,,,,,,,
Washington,United States,1/31/2020,1,,,,,,,,
Arizona,United States,1/31/2020,1,,,,,,,,
,Nepal,1/31/2020,1,,,,,,,,
British Columbia,Canada,1/31/2020,1,,,,,,,,
,Cambodia,1/31/2020,1,,,,,,,,
,Sri Lanka,1/31/2020,1,,,,,,,,
,Finland,1/31/2020,1,,,,,,,,
,Philippines,1/31/2020,1,,,,,,,,
,India,1/31/2020,1,,,,,,,,
,Sweden,1/31/2020,1,,,,,,,,
Hubei,Mainland China,1/30/2020,5806,,116,204,112.8783222,31.1517252,,,
Zhejiang,Mainland China,1/30/2020,537,,9,,119.9999999,29.0000001,,,
Guangdong,Mainland China,1/30/2020,393,,11,,113.1982688,23.1357694,,,
Henan,Mainland China,1/30/2020,352,,3,2,113.9999999,34.0000001,,,
Hunan,Mainland China,1/30/2020,332,,2,,111.7487063,27.6662087,,,
Jiangxi,Mainland China,1/30/2020,240,,7,,116,28,,,
Anhui,Mainland China,1/30/2020,237,,3,,117,32,,,
Chongqing,Mainland China,1/30/2020,206,,1,,106.5492822,29.5585712,,,
Shandong,Mainland China,1/30/2020,178,,2,,118.9999999,36.0000001,,,
Sichuan,Mainland China,1/30/2020,177,,1,1,102.4999999,30.5000001,,,
Jiangsu,Mainland China,1/30/2020,168,,2,,119.9999999,33.0000001,,,
Shanghai,Mainland China,1/30/2020,128,,9,1,121.4890497,31.2252985,,,
Beijing,Mainland China,1/30/2020,121,,5,1,116.3912757,39.906217,,,
Fujian,Mainland China,1/30/2020,101,,,,117.842778,26.5450001,,,
Guangxi,Mainland China,1/30/2020,87,,2,,109,24,,,
Hebei,Mainland China,1/30/2020,82,,,1,116,39.0000001,,,
Yunnan,Mainland China,1/30/2020,76,,,,102,25,,,
Shaanxi,Mainland China,1/30/2020,87,,,,109,36,,,
Heilongjiang,Mainland China,1/30/2020,59,,,2,127.999992,48.0000047,,,
Hainan,Mainland China,1/30/2020,50,,1,1,109.5999999,19.2000001,,,
Liaoning,Mainland China,1/30/2020,45,,1,,122.3263915,40.9739116,,,
Shanxi,Mainland China,1/30/2020,39,,1,,112,37,,,
Tianjin,Mainland China,1/30/2020,32,,,,117.1980785,39.1235635,,,
Gansu,Mainland China,1/30/2020,29,,,,101.9999999,38.0000001,,,
Ningxia,Mainland China,1/30/2020,21,,1,,105.9608553,37.3095528,,,
Inner Mongolia,Mainland China,1/30/2020,20,,,,114.3251664,43.2443242,,,
Xinjiang,Mainland China,1/30/2020,17,,,,87.167384,41.757476,,,
Guizhou,Mainland China,1/30/2020,15,,1,,107,27,,,
Jilin,Mainland China,1/30/2020,14,,1,,125.9816054,42.9995032,,,
Hong Kong,Hong Kong,1/30/2020,12,,,,,,,,
Taiwan,Taiwan,1/30/2020,9,,,,,,,,
Qinghai,Mainland China,1/30/2020,8,,,,,,,,
Macau,Macau,1/30/2020,7,,,,,,,,
Tibet,Mainland China,1/30/2020,1,,,,,,,,
Washington,United States,1/30/2020,1,,,,,,,,
Illinois,United States,1/30/2020,2,,,,,,,,
California,United States,1/30/2020,2,,,,,,,,
Arizona,United States,1/30/2020,1,,,,,,,,
,Japan,1/30/2020,11,,1,,,,,,
,Thailand,1/30/2020,14,,5,,,,,,
,South Korea,1/30/2020,6,,,,,,,,
,Singapore,1/30/2020,10,,,,,,,,
,Vietnam,1/30/2020,2,,,,,,,,
,France,1/30/2020,5,,,,,,,,
,Nepal,1/30/2020,1,,,,,,,,
,Malaysia,1/30/2020,8,,,,,,,,
Ontario,Canada,1/30/2020,2,,,,,,,,
British Columbia,Canada,1/30/2020,1,,,,,,,,
,Cambodia,1/30/2020,1,,,,,,,,
,Sri Lanka,1/30/2020,1,,,,,,,,
New South Wales,Australia,1/30/2020,4,,2,,,,,,
Victoria,Australia,1/30/2020,2,,,,,,,,
Queensland,Australia,1/30/2020,3,,,,,,,,
Bavaria,Germany,1/30/2020,4,,,,,,,,
,Finland,1/30/2020,1,,,,,,,,
,United Arab Emirates,1/30/2020,4,,,,,,,,
,Philippines,1/30/2020,1,,,,,,,,
,India,1/30/2020,1,,,,,,,,
,Italy,1/30/2020,2,,,,,,,,
Hubei,Mainland China,1/30/2020,4903,,90,162,112.8783222,31.1517252,,,
Zhejiang,Mainland China,1/30/2020,428,,4,,119.9999999,29.0000001,,,
Guangdong,Mainland China,1/30/2020,354,,10,,113.1982688,23.1357694,,,
Henan,Mainland China,1/30/2020,278,,2,2,113.9999999,34.0000001,,,
Hunan,Mainland China,1/30/2020,277,,2,,111.7487063,27.6662087,,,
Anhui,Mainland China,1/30/2020,200,,2,,117,32,,,
Chongqing,Mainland China,1/30/2020,182,,1,,106.5492822,29.5585712,,,
Jiangxi,Mainland China,1/30/2020,162,,5,,116,28,,,
Shandong,Mainland China,1/30/2020,158,,1,,118.9999999,36.0000001,,,
Sichuan,Mainland China,1/30/2020,142,,1,1,102.4999999,30.5000001,,,
Jiangsu,Mainland China,1/30/2020,129,,1,,119.9999999,33.0000001,,,
Beijing,Mainland China,1/30/2020,114,,4,1,116.3912757,39.906217,,,
Shanghai,Mainland China,1/30/2020,112,,5,1,121.4890497,31.2252985,,,
Fujian,Mainland China,1/30/2020,101,,,,117.842778,26.5450001,,,
Guangxi,Mainland China,1/30/2020,78,,2,,109,24,,,
Yunnan,Mainland China,1/30/2020,70,,,,102,25,,,
Hebei,Mainland China,1/30/2020,65,,,1,116,39.0000001,,,
Shaanxi,Mainland China,1/30/2020,63,,,,109,36,,,
Hainan,Mainland China,1/30/2020,46,,1,1,109.5999999,19.2000001,,,
Heilongjiang,Mainland China,1/30/2020,44,,,2,127.999992,48.0000047,,,
Liaoning,Mainland China,1/30/2020,41,,1,,122.3263915,40.9739116,,,
Shanxi,Mainland China,1/30/2020,35,,1,,112,37,,,
Tianjin,Mainland China,1/30/2020,31,,,,117.1980785,39.1235635,,,
Gansu,Mainland China,1/30/2020,26,,,,101.9999999,38.0000001,,,
Inner Mongolia,Mainland China,1/30/2020,19,,,,114.3251664,43.2443242,,,
Ningxia,Mainland China,1/30/2020,17,,,,105.9608553,37.3095528,,,
Jilin,Mainland China,1/30/2020,14,,1,,125.9816054,42.9995032,,,
Xinjiang,Mainland China,1/30/2020,14,,,,87.167384,41.757476,,,
Guizhou,Mainland China,1/30/2020,12,,1,,107,27,,,
Hong Kong,Hong Kong,1/30/2020,10,,,,,,,,
Taiwan,Taiwan,1/30/2020,9,,,,,,,,
Qinghai,Mainland China,1/30/2020,8,,,,,,,,
Macau,Macau,1/30/2020,7,,,,,,,,
Tibet,Mainland China,1/30/2020,1,,,,,,,,
Washington,United States,1/30/2020,1,,,,,,,,
Illinois,United States,1/30/2020,1,,,,,,,,
California,United States,1/30/2020,2,,,,,,,,
Arizona,United States,1/30/2020,1,,,,,,,,
,Japan,1/30/2020,11,,1,,,,,,
,Thailand,1/30/2020,14,,5,,,,,,
,South Korea,1/30/2020,4,,,,,,,,
,Singapore,1/30/2020,10,,,,,,,,
,Vietnam,1/30/2020,2,,,,,,,,
,France,1/30/2020,5,,,,,,,,
,Nepal,1/30/2020,1,,,,,,,,
,Malaysia,1/30/2020,8,,,,,,,,
Ontario,Canada,1/30/2020,2,,,,,,,,
British Columbia,Canada,1/30/2020,1,,,,,,,,
,Cambodia,1/30/2020,1,,,,,,,,
,Sri Lanka,1/30/2020,1,,,,,,,,
New South Wales,Australia,1/30/2020,4,,2,,,,,,
Victoria,Australia,1/30/2020,2,,,,,,,,
Queensland,Australia,1/30/2020,3,,,,,,,,
Bavaria,Germany,1/30/2020,4,,,,,,,,
,Finland,1/30/2020,1,,,,,,,,
,United Arab Emirates,1/30/2020,4,,,,,,,,
,Philippines,1/30/2020,1,,,,,,,,
,India,1/30/2020,1,,,,,,,,
Hubei,Mainland China,1/29/2020,4586,,90,162,112.8783222,31.1517252,,,
Zhejiang,Mainland China,1/29/2020,428,,4,,119.9999999,29.0000001,,,
Guangdong,Mainland China,1/29/2020,311,,6,,113.1982688,23.1357694,,,
Henan,Mainland China,1/29/2020,278,,2,2,113.9999999,34.0000001,,,
Hunan,Mainland China,1/29/2020,277,,,,111.7487063,27.6662087,,,
Anhui,Mainland China,1/29/2020,200,,2,,117,32,,,
Chongqing,Mainland China,1/29/2020,165,,1,,106.5492822,29.5585712,,,
Jiangxi,Mainland China,1/29/2020,162,,4,,116,28,,,
Shandong,Mainland China,1/29/2020,145,,1,,118.9999999,36.0000001,,,
Sichuan,Mainland China,1/29/2020,142,,1,1,102.4999999,30.5000001,,,
Jiangsu,Mainland China,1/29/2020,129,,1,,119.9999999,33.0000001,,,
Beijing,Mainland China,1/29/2020,111,,4,1,116.3912757,39.906217,,,
Shanghai,Mainland China,1/29/2020,101,,5,1,121.4890497,31.2252985,,,
Fujian,Mainland China,1/29/2020,101,,,,117.842778,26.5450001,,,
Guangxi,Mainland China,1/29/2020,78,,2,,109,24,,,
Hebei,Mainland China,1/29/2020,65,,,1,116,39.0000001,,,
Shaanxi,Mainland China,1/29/2020,56,,,,109,36,,,
Yunnan,Mainland China,1/29/2020,55,,,,102,25,,,
Hainan,Mainland China,1/29/2020,43,,,1,109.5999999,19.2000001,,,
Heilongjiang,Mainland China,1/29/2020,43,,,1,127.999992,48.0000047,,,
Liaoning,Mainland China,1/29/2020,39,,1,,122.3263915,40.9739116,,,
Shanxi,Mainland China,1/29/2020,35,,1,,112,37,,,
Tianjin,Mainland China,1/29/2020,27,,,,117.1980785,39.1235635,,,
Gansu,Mainland China,1/29/2020,26,,,,101.9999999,38.0000001,,,
Inner Mongolia,Mainland China,1/29/2020,16,,,,114.3251664,43.2443242,,,
Jilin,Mainland China,1/29/2020,14,,1,,125.9816054,42.9995032,,,
Xinjiang,Mainland China,1/29/2020,14,,,,87.167384,41.757476,,,
Guizhou,Mainland China,1/29/2020,12,,1,,107,27,,,
Ningxia,Mainland China,1/29/2020,12,,,,105.9608553,37.3095528,,,
Hong Kong,Hong Kong,1/29/2020,10,,,,,,,,
Taiwan,Taiwan,1/29/2020,8,,,,,,,,
Macau,Macau,1/29/2020,7,,,,,,,,
Qinghai,Mainland China,1/29/2020,6,,,,,,,,
Tibet,Mainland China,1/29/2020,1,,,,,,,,
Washington,United States,1/29/2020,1,,,,,,,,
Illinois,United States,1/29/2020,1,,,,,,,,
California,United States,1/29/2020,2,,,,,,,,
Arizona,United States,1/29/2020,1,,,,,,,,
,Japan,1/29/2020,11,,1,,,,,,
,Thailand,1/29/2020,14,,5,,,,,,
,South Korea,1/29/2020,4,,,,,,,,
,Singapore,1/29/2020,10,,,,,,,,
,Vietnam,1/29/2020,2,,,,,,,,
,France,1/29/2020,5,,,,,,,,
,Nepal,1/29/2020,1,,,,,,,,
,Malaysia,1/29/2020,7,,,,,,,,
Ontario,Canada,1/29/2020,2,,,,,,,,
British Columbia,Canada,1/29/2020,1,,,,,,,,
,Cambodia,1/29/2020,1,,,,,,,,
,Sri Lanka,1/29/2020,1,,,,,,,,
New South Wales,Australia,1/29/2020,4,,,,,,,,
Victoria,Australia,1/29/2020,2,,,,,,,,
Queensland,Australia,1/29/2020,1,,,,,,,,
Bavaria,Germany,1/29/2020,4,,,,,,,,
,Finland,1/29/2020,1,,,,,,,,
,United Arab Emirates,1/29/2020,4,,,,,,,,
Hubei,Mainland China,1/29/2020,3554,,88,125,112.8783222,31.1517252,,,
Zhejiang,Mainland China,1/29/2020,296,,3,,119.9999999,29.0000001,,,
Guangdong,Mainland China,1/29/2020,277,,5,,113.1982688,23.1357694,,,
Hunan,Mainland China,1/29/2020,221,,,,111.7487063,27.6662087,,,
Henan,Mainland China,1/29/2020,206,,1,2,113.9999999,34.0000001,,,
Anhui,Mainland China,1/29/2020,152,,2,,117,32,,,
Chongqing,Mainland China,1/29/2020,147,,1,,106.5492822,29.5585712,,,
Shandong,Mainland China,1/29/2020,130,,1,,118.9999999,36.0000001,,,
Beijing,Mainland China,1/29/2020,111,,4,1,116.3912757,39.906217,,,
Jiangxi,Mainland China,1/29/2020,109,,3,,116,28,,,
Sichuan,Mainland China,1/29/2020,108,,1,1,102.4999999,30.5000001,,,
Jiangsu,Mainland China,1/29/2020,99,,1,,119.9999999,33.0000001,,,
Shanghai,Mainland China,1/29/2020,96,,5,1,121.4890497,31.2252985,,,
Fujian,Mainland China,1/29/2020,84,,,,117.842778,26.5450001,,,
Guangxi,Mainland China,1/29/2020,58,,2,,109,24,,,
Shaanxi,Mainland China,1/29/2020,56,,,,109,36,,,
Yunnan,Mainland China,1/29/2020,55,,,,102,25,,,
Hebei,Mainland China,1/29/2020,48,,,1,116,39.0000001,,,
Hainan,Mainland China,1/29/2020,43,,,1,109.5999999,19.2000001,,,
Liaoning,Mainland China,1/29/2020,39,,1,,122.3263915,40.9739116,,,
Heilongjiang,Mainland China,1/29/2020,38,,,1,127.999992,48.0000047,,,
Tianjin,Mainland China,1/29/2020,27,,,,117.1980785,39.1235635,,,
Shanxi,Mainland China,1/29/2020,27,,1,,112,37,,,
Gansu,Mainland China,1/29/2020,24,,,,101.9999999,38.0000001,,,
Inner Mongolia,Mainland China,1/29/2020,16,,,,114.3251664,43.2443242,,,
Xinjiang,Mainland China,1/29/2020,13,,,,87.167384,41.757476,,,
Ningxia,Mainland China,1/29/2020,12,,,,105.9608553,37.3095528,,,
Hong Kong,Hong Kong,1/29/2020,10,,,,,,,,
Guizhou,Mainland China,1/29/2020,9,,1,,107,27,,,
Jilin,Mainland China,1/29/2020,9,,,,125.9816054,42.9995032,,,
Taiwan,Taiwan,1/29/2020,8,,,,,,,,
Macau,Macau,1/29/2020,7,,,,,,,,
Qinghai,Mainland China,1/29/2020,6,,,,,,,,
Washington,United States,1/29/2020,1,,,,,,,,
Illinois,United States,1/29/2020,1,,,,,,,,
California,United States,1/29/2020,2,,,,,,,,
Arizona,United States,1/29/2020,1,,,,,,,,
,Japan,1/29/2020,7,,1,,,,,,
,Thailand,1/29/2020,14,,5,,,,,,
,South Korea,1/29/2020,4,,,,,,,,
,Singapore,1/29/2020,7,,,,,,,,
,Vietnam,1/29/2020,2,,,,,,,,
,France,1/29/2020,5,,,,,,,,
,Nepal,1/29/2020,1,,,,,,,,
,Malaysia,1/29/2020,7,,,,,,,,
Ontario,Canada,1/29/2020,1,,,,,,,,
British Columbia,Canada,1/29/2020,1,,,,,,,,
,Cambodia,1/29/2020,1,,,,,,,,
,Sri Lanka,1/29/2020,1,,,,,,,,
New South Wales,Australia,1/29/2020,4,,,,,,,,
Victoria,Australia,1/29/2020,1,,,,,,,,
Bavaria,Germany,1/29/2020,4,,,,,,,,
,Finland,1/29/2020,1,,,,,,,,
,United Arab Emirates,1/29/2020,4,,,,,,,,
Hubei,Mainland China,1/29/2020,3554,,80,125,112.8783222,31.1517252,,,
Guangdong,Mainland China,1/29/2020,277,,4,,113.1982688,23.1357694,,,
Zhejiang,Mainland China,1/29/2020,296,,3,,119.9999999,29.0000001,,,
Henan,Mainland China,1/29/2020,206,,1,2,113.9999999,34.0000001,,,
Chongqing,Mainland China,1/29/2020,147,,,,106.5492822,29.5585712,,,
Hunan,Mainland China,1/29/2020,221,,,,111.7487063,27.6662087,,,
Shandong,Mainland China,1/29/2020,130,,1,,118.9999999,36.0000001,,,
Beijing,Mainland China,1/29/2020,111,,4,1,116.3912757,39.906217,,,
Anhui,Mainland China,1/29/2020,152,,2,,117,32,,,
Sichuan,Mainland China,1/29/2020,108,,,,102.4999999,30.5000001,,,
Fujian,Mainland China,1/29/2020,84,,,,117.842778,26.5450001,,,
Shanghai,Mainland China,1/29/2020,96,,4,1,121.4890497,31.2252985,,,
Jiangxi,Mainland China,1/29/2020,109,,3,,116,28,,,
Jiangsu,Mainland China,1/29/2020,99,,1,,119.9999999,33.0000001,,,
Guangxi,Mainland China,1/29/2020,58,,2,,109,24,,,
Shaanxi,Mainland China,1/29/2020,56,,,,109,36,,,
Hainan,Mainland China,1/29/2020,43,,1,1,109.5999999,19.2000001,,,
Liaoning,Mainland China,1/29/2020,39,,,,122.3263915,40.9739116,,,
Yunnan,Mainland China,1/29/2020,55,,,,102,25,,,
Tianjin,Mainland China,1/29/2020,27,,,,117.1980785,39.1235635,,,
Heilongjiang,Mainland China,1/29/2020,38,,,1,127.999992,48.0000047,,,
Hebei,Mainland China,1/29/2020,48,,,1,116,39.0000001,,,
Gansu,Mainland China,1/29/2020,24,,,,101.9999999,38.0000001,,,
Shanxi,Mainland China,1/29/2020,27,,,,112,37,,,
Inner Mongolia,Mainland China,1/29/2020,16,,,,114.3251664,43.2443242,,,
Hong Kong,Hong Kong,1/29/2020,10,,,,,,,,
Guizhou,Mainland China,1/29/2020,9,,,,107,27,,,
Ningxia,Mainland China,1/29/2020,12,,,,105.9608553,37.3095528,,,
Jilin,Mainland China,1/29/2020,9,,,,125.9816054,42.9995032,,,
Macau,Macau,1/29/2020,7,,,,,,,,
Taiwan,Taiwan,1/29/2020,8,,,,,,,,
Xinjiang,Mainland China,1/29/2020,13,,,,87.167384,41.757476,,,
Qinghai,Mainland China,1/29/2020,6,,,,,,,,
Washington,United States,1/29/2020,1,,,,,,,,
Illinois,United States,1/29/2020,1,,,,,,,,
California,United States,1/29/2020,2,,,,,,,,
Arizona,United States,1/29/2020,1,,,,,,,,
Ontario,Canada,1/29/2020,3,,,,,,,,
,Japan,1/29/2020,7,,1,,,,,,
,Thailand,1/29/2020,14,,5,,,,,,
,South Korea,1/29/2020,4,,,,,,,,
,Singapore,1/29/2020,7,,,,,,,,
,Vietnam,1/29/2020,2,,,,,,,,
,Nepal,1/29/2020,1,,,,,,,,
,Malaysia,1/29/2020,7,,,,,,,,
,Cambodia,1/29/2020,1,,,,,,,,
,Sri Lanka,1/29/2020,1,,,,,,,,
New South Wales,Australia,1/29/2020,4,,,,,,,,
Victoria,Australia,1/29/2020,1,,,,,,,,
,United Arab Emirates,1/29/2020,4,,,,,,,,
,France,1/29/2020,4,,,,,,,,
Bavaria,Germany,1/29/2020,4,,,,,,,,
Hubei,Mainland China,1/28/2020,3554,,80,125,112.8783222,31.1517252,,,
Zhejiang,Mainland China,1/28/2020,296,,3,,119.9999999,29.0000001,,,
Guangdong,Mainland China,1/28/2020,241,,5,,113.1982688,23.1357694,,,
Hunan,Mainland China,1/28/2020,221,,,,111.7487063,27.6662087,,,
Henan,Mainland China,1/28/2020,206,,1,2,113.9999999,34.0000001,,,
Anhui,Mainland China,1/28/2020,152,,,,117,32,,,
Chongqing,Mainland China,1/28/2020,147,,1,,106.5492822,29.5585712,,,
Shandong,Mainland China,1/28/2020,121,,,,118.9999999,36.0000001,,,
Jiangxi,Mainland China,1/28/2020,109,,3,,116,28,,,
Sichuan,Mainland China,1/28/2020,108,,,,102.4999999,30.5000001,,,
Jiangsu,Mainland China,1/28/2020,99,,1,,119.9999999,33.0000001,,,
Beijing,Mainland China,1/28/2020,91,,4,1,116.3912757,39.906217,,,
Fujian,Mainland China,1/28/2020,82,,,,117.842778,26.5450001,,,
Shanghai,Mainland China,1/28/2020,80,,4,1,121.4890497,31.2252985,,,
Guangxi,Mainland China,1/28/2020,58,,2,,109,24,,,
Shaanxi,Mainland China,1/28/2020,56,,,,109,36,,,
Hebei,Mainland China,1/28/2020,48,,,1,116,39.0000001,,,
Yunnan,Mainland China,1/28/2020,44,,,,102,25,,,
Hainan,Mainland China,1/28/2020,43,,,1,109.5999999,19.2000001,,,
Heilongjiang,Mainland China,1/28/2020,37,,,1,127.999992,48.0000047,,,
Liaoning,Mainland China,1/28/2020,36,,,,122.3263915,40.9739116,,,
Shanxi,Mainland China,1/28/2020,27,,,,112,37,,,
Tianjin,Mainland China,1/28/2020,25,,,,117.1980785,39.1235635,,,
Gansu,Mainland China,1/28/2020,24,,,,101.9999999,38.0000001,,,
Inner Mongolia,Mainland China,1/28/2020,16,,,,114.3251664,43.2443242,,,
Xinjiang,Mainland China,1/28/2020,13,,,,87.167384,41.757476,,,
Ningxia,Mainland China,1/28/2020,12,,,,105.9608553,37.3095528,,,
Guizhou,Mainland China,1/28/2020,9,,,,107,27,,,
Jilin,Mainland China,1/28/2020,9,,,,125.9816054,42.9995032,,,
Hong Kong,Hong Kong,1/28/2020,8,,,,,,,,
Taiwan,Taiwan,1/28/2020,8,,,,,,,,
Macau,Macau,1/28/2020,7,,,,,,,,
Qinghai,Mainland China,1/28/2020,6,,,,,,,,
Washington,United States,1/28/2020,1,,,,,,,,
Illinois,United States,1/28/2020,1,,,,,,,,
California,United States,1/28/2020,2,,,,,,,,
Arizona,United States,1/28/2020,1,,,,,,,,
,Japan,1/28/2020,7,,1,,,,,,
,Thailand,1/28/2020,14,,5,,,,,,
,South Korea,1/28/2020,4,,,,,,,,
,Singapore,1/28/2020,7,,,,,,,,
,Vietnam,1/28/2020,2,,,,,,,,
,France,1/28/2020,4,,,,,,,,
,Nepal,1/28/2020,1,,,,,,,,
,Malaysia,1/28/2020,7,,,,,,,,
Ontario,Canada,1/28/2020,1,,,,,,,,
British Columbia,Canada,1/28/2020,1,,,,,,,,
,Cambodia,1/28/2020,1,,,,,,,,
,Sri Lanka,1/28/2020,1,,,,,,,,
New South Wales,Australia,1/28/2020,4,,,,,,,,
Victoria,Australia,1/28/2020,1,,,,,,,,
Bavaria,Germany,1/28/2020,4,,,,,,,,
Hubei,Mainland China,1/28/2020,3554,,80,125,112.8783222,31.1517252,,,
Guangdong,Mainland China,1/28/2020,207,,4,,113.1982688,23.1357694,,,
Zhejiang,Mainland China,1/28/2020,173,,3,,119.9999999,29.0000001,,,
Henan,Mainland China,1/28/2020,168,,,1,113.9999999,34.0000001,,,
Hunan,Mainland China,1/28/2020,143,,,,111.7487063,27.6662087,,,
Chongqing,Mainland China,1/28/2020,132,,,,106.5492822,29.5585712,,,
Jiangxi,Mainland China,1/28/2020,109,,3,,116,28,,,
Anhui,Mainland China,1/28/2020,106,,,,117,32,,,
Shandong,Mainland China,1/28/2020,95,,,,118.9999999,36.0000001,,,
Beijing,Mainland China,1/28/2020,91,,4,1,116.3912757,39.906217,,,
Sichuan,Mainland China,1/28/2020,90,,,,102.4999999,30.5000001,,,
Fujian,Mainland China,1/28/2020,80,,,,117.842778,26.5450001,,,
Jiangsu,Mainland China,1/28/2020,70,,1,,119.9999999,33.0000001,,,
Shanghai,Mainland China,1/28/2020,66,,4,1,121.4890497,31.2252985,,,
Guangxi,Mainland China,1/28/2020,51,,2,,109,24,,,
Shaanxi,Mainland China,1/28/2020,46,,,,109,36,,,
Yunnan,Mainland China,1/28/2020,44,,,,102,25,,,
Hainan,Mainland China,1/28/2020,40,,,1,109.5999999,19.2000001,,,
Liaoning,Mainland China,1/28/2020,34,,,,122.3263915,40.9739116,,,
Hebei,Mainland China,1/28/2020,33,,,1,116,39.0000001,,,
Heilongjiang,Mainland China,1/28/2020,33,,,1,127.999992,48.0000047,,,
Shanxi,Mainland China,1/28/2020,27,,,,112,37,,,
Tianjin,Mainland China,1/28/2020,24,,,,117.1980785,39.1235635,,,
Gansu,Mainland China,1/28/2020,19,,,,101.9999999,38.0000001,,,
Inner Mongolia,Mainland China,1/28/2020,15,,,,114.3251664,43.2443242,,,
Ningxia,Mainland China,1/28/2020,11,,,,105.9608553,37.3095528,,,
Xinjiang,Mainland China,1/28/2020,10,,,,87.167384,41.757476,,,
Guizhou,Mainland China,1/28/2020,9,,,,107,27,,,
Jilin,Mainland China,1/28/2020,8,,,,125.9816054,42.9995032,,,
Taiwan,Taiwan,1/28/2020,8,,,,,,,,
Hong Kong,Hong Kong,1/28/2020,8,,,,,,,,
Macau,Macau,1/28/2020,7,,,,,,,,
Qinghai,Mainland China,1/28/2020,6,,,,,,,,
Washington,United States,1/28/2020,1,,,,,,,,
Illinois,United States,1/28/2020,1,,,,,,,,
California,United States,1/28/2020,2,,,,,,,,
Arizona,United States,1/28/2020,1,,,,,,,,
,Japan,1/28/2020,7,,1,,,,,,
,Thailand,1/28/2020,14,,5,,,,,,
,South Korea,1/28/2020,4,,,,,,,,
,Singapore,1/28/2020,7,,,,,,,,
,Vietnam,1/28/2020,2,,,,,,,,
,France,1/28/2020,4,,,,,,,,
,Nepal,1/28/2020,1,,,,,,,,
,Malaysia,1/28/2020,4,,,,,,,,
Ontario,Canada,1/28/2020,1,,,,,,,,
British Columbia,Canada,1/28/2020,1,,,,,,,,
,Cambodia,1/28/2020,1,,,,,,,,
,Sri Lanka,1/28/2020,1,,,,,,,,
New South Wales,Australia,1/28/2020,4,,,,,,,,
Victoria,Australia,1/28/2020,1,,,,,,,,
Bavaria,Germany,1/28/2020,4,,,,,,,,
Hubei,Mainland China,1/28/2020,2714,,52,100,112.8783222,31.1517252,,,
Guangdong,Mainland China,1/28/2020,207,,4,,113.1982688,23.1357694,,,
Zhejiang,Mainland China,1/28/2020,173,,3,,119.9999999,29.0000001,,,
Henan,Mainland China,1/28/2020,168,,,1,113.9999999,34.0000001,,,
Hunan,Mainland China,1/28/2020,143,,,,111.7487063,27.6662087,,,
Chongqing,Mainland China,1/28/2020,132,,,,106.5492822,29.5585712,,,
Anhui,Mainland China,1/28/2020,106,,,,117,32,,,
Shandong,Mainland China,1/28/2020,95,,,,118.9999999,36.0000001,,,
Beijing,Mainland China,1/28/2020,91,,4,1,116.3912757,39.906217,,,
Sichuan,Mainland China,1/28/2020,90,,,,102.4999999,30.5000001,,,
Fujian,Mainland China,1/28/2020,80,,,,117.842778,26.5450001,,,
Jiangxi,Mainland China,1/28/2020,72,,3,,116,28,,,
Jiangsu,Mainland China,1/28/2020,70,,1,,119.9999999,33.0000001,,,
Shanghai,Mainland China,1/28/2020,66,,4,1,121.4890497,31.2252985,,,
Guangxi,Mainland China,1/28/2020,51,,2,,109,24,,,
Shaanxi,Mainland China,1/28/2020,46,,,,109,36,,,
Yunnan,Mainland China,1/28/2020,44,,,,102,25,,,
Hainan,Mainland China,1/28/2020,40,,,1,109.5999999,19.2000001,,,
Liaoning,Mainland China,1/28/2020,34,,,,122.3263915,40.9739116,,,
Heilongjiang,Mainland China,1/28/2020,33,,,1,127.999992,48.0000047,,,
Hebei,Mainland China,1/28/2020,33,,,1,116,39.0000001,,,
Tianjin,Mainland China,1/28/2020,24,,,,117.1980785,39.1235635,,,
Shanxi,Mainland China,1/28/2020,20,,,,112,37,,,
Gansu,Mainland China,1/28/2020,19,,,,101.9999999,38.0000001,,,
Inner Mongolia,Mainland China,1/28/2020,15,,,,114.3251664,43.2443242,,,
Ningxia,Mainland China,1/28/2020,11,,,,105.9608553,37.3095528,,,
Xinjiang,Mainland China,1/28/2020,10,,,,87.167384,41.757476,,,
Guizhou,Mainland China,1/28/2020,9,,,,107,27,,,
Jilin,Mainland China,1/28/2020,8,,,,125.9816054,42.9995032,,,
Taiwan,Taiwan,1/28/2020,8,,,,,,,,
Hong Kong,Hong Kong,1/28/2020,8,,,,,,,,
Macau,Macau,1/28/2020,7,,,,,,,,
Qinghai,Mainland China,1/28/2020,6,,,,,,,,
Washington,United States,1/28/2020,1,,,,,,,,
Illinois,United States,1/28/2020,1,,,,,,,,
California,United States,1/28/2020,2,,,,,,,,
Arizona,United States,1/28/2020,1,,,,,,,,
,Japan,1/28/2020,7,,1,,,,,,
,Thailand,1/28/2020,14,,5,,,,,,
,South Korea,1/28/2020,4,,,,,,,,
,Singapore,1/28/2020,7,,,,,,,,
,Vietnam,1/28/2020,2,,,,,,,,
,France,1/28/2020,3,,,,,,,,
,Nepal,1/28/2020,1,,,,,,,,
,Malaysia,1/28/2020,4,,,,,,,,
Ontario,Canada,1/28/2020,2,,,,,,,,
,Cambodia,1/28/2020,1,,,,,,,,
,Sri Lanka,1/28/2020,1,,,,,,,,
New South Wales,Australia,1/28/2020,4,,,,,,,,
Victoria,Australia,1/28/2020,1,,,,,,,,
Bavaria,Germany,1/28/2020,1,,,,,,,,
Hubei,Mainland China,1/27/2020,2714,,47,100,112.8783222,31.1517252,,,
Zhejiang,Mainland China,1/27/2020,173,,1,,119.9999999,29.0000001,,,
Henan,Mainland China,1/27/2020,168,,,1,113.9999999,34.0000001,,,
Guangdong,Mainland China,1/27/2020,151,,4,,113.1982688,23.1357694,,,
Chongqing,Mainland China,1/27/2020,132,,,,106.5492822,29.5585712,,,
Anhui,Mainland China,1/27/2020,106,,,,117,32,,,
Hunan,Mainland China,1/27/2020,100,,,,111.7487063,27.6662087,,,
Sichuan,Mainland China,1/27/2020,90,,,,102.4999999,30.5000001,,,
Shandong,Mainland China,1/27/2020,87,,,1,118.9999999,36.0000001,,,
Beijing,Mainland China,1/27/2020,80,,2,1,116.3912757,39.906217,,,
Jiangxi,Mainland China,1/27/2020,72,,2,,116,28,,,
Jiangsu,Mainland China,1/27/2020,70,,1,,119.9999999,33.0000001,,,
Shanghai,Mainland China,1/27/2020,66,,3,1,121.4890497,31.2252985,,,
Fujian,Mainland China,1/27/2020,59,,,,117.842778,26.5450001,,,
Guangxi,Mainland China,1/27/2020,51,,,,109,24,,,
Shaanxi,Mainland China,1/27/2020,35,,,,109,36,,,
Hainan,Mainland China,1/27/2020,33,,,1,109.5999999,19.2000001,,,
Hebei,Mainland China,1/27/2020,33,,,1,116,39.0000001,,,
Heilongjiang,Mainland China,1/27/2020,30,,,1,127.999992,48.0000047,,,
Liaoning,Mainland China,1/27/2020,27,,,,122.3263915,40.9739116,,,
Yunnan,Mainland China,1/27/2020,26,,,,102,25,,,
Tianjin,Mainland China,1/27/2020,23,,,,117.1980785,39.1235635,,,
Shanxi,Mainland China,1/27/2020,20,,,,112,37,,,
Gansu,Mainland China,1/27/2020,19,,,,101.9999999,38.0000001,,,
Inner Mongolia,Mainland China,1/27/2020,11,,,,114.3251664,43.2443242,,,
Guizhou,Mainland China,1/27/2020,9,,,,107,27,,,
Hong Kong,Hong Kong,1/27/2020,8,,,,,,,,
Ningxia,Mainland China,1/27/2020,7,,,,105.9608553,37.3095528,,,
Jilin,Mainland China,1/27/2020,6,,,,125.9816054,42.9995032,,,
Macau,Macau,1/27/2020,6,,,,,,,,
Qinghai,Mainland China,1/27/2020,6,,,,,,,,
Taiwan,Taiwan,1/27/2020,5,,,,,,,,
Xinjiang,Mainland China,1/27/2020,5,,,,87.167384,41.757476,,,
Washington,United States,1/27/2020,1,,,,,,,,
Illinois,United States,1/27/2020,1,,,,,,,,
California,United States,1/27/2020,2,,,,,,,,
Arizona,United States,1/27/2020,1,,,,,,,,
,Japan,1/27/2020,4,,1,,,,,,
,Thailand,1/27/2020,8,,2,,,,,,
,South Korea,1/27/2020,4,,,,,,,,
,Singapore,1/27/2020,5,,,,,,,,
,Vietnam,1/27/2020,2,,,,,,,,
,France,1/27/2020,3,,,,,,,,
,Nepal,1/27/2020,1,,,,,,,,
,Malaysia,1/27/2020,4,,,,,,,,
Ontario,Canada,1/27/2020,1,,,,,,,,
,Cambodia,1/27/2020,1,,,,,,,,
,Sri Lanka,1/27/2020,1,,,,,,,,
,Ivory Coast,1/27/2020,,,,,,,,,
New South Wales,Australia,1/27/2020,4,,,,,,,,
Victoria,Australia,1/27/2020,1,,,,,,,,
Bavaria,Germany,1/27/2020,1,,,,,,,,
Hubei,Mainland China,1/27/2020,1423,,45,76,112.8783222,31.1517252,,,
Guangdong,Mainland China,1/27/2020,151,,4,,113.1982688,23.1357694,,,
Zhejiang,Mainland China,1/27/2020,128,,1,,119.9999999,29.0000001,,,
Henan,Mainland China,1/27/2020,128,,,1,113.9999999,34.0000001,,,
Chongqing,Mainland China,1/27/2020,110,,,,106.5492822,29.5585712,,,
Hunan,Mainland China,1/27/2020,100,,,,111.7487063,27.6662087,,,
Beijing,Mainland China,1/27/2020,80,,2,1,116.3912757,39.906217,,,
Shandong,Mainland China,1/27/2020,75,,,,118.9999999,36.0000001,,,
Jiangxi,Mainland China,1/27/2020,72,,2,,116,28,,,
Anhui,Mainland China,1/27/2020,70,,,,117,32,,,
Sichuan,Mainland China,1/27/2020,69,,,,102.4999999,30.5000001,,,
Fujian,Mainland China,1/27/2020,59,,,,117.842778,26.5450001,,,
Shanghai,Mainland China,1/27/2020,53,,3,1,121.4890497,31.2252985,,,
Jiangsu,Mainland China,1/27/2020,47,,1,,119.9999999,33.0000001,,,
Guangxi,Mainland China,1/27/2020,46,,,,109,24,,,
Shaanxi,Mainland China,1/27/2020,35,,,,109,36,,,
Hainan,Mainland China,1/27/2020,33,,,1,109.5999999,19.2000001,,,
Liaoning,Mainland China,1/27/2020,27,,,,122.3263915,40.9739116,,,
Yunnan,Mainland China,1/27/2020,26,,,,102,25,,,
Tianjin,Mainland China,1/27/2020,23,,,,117.1980785,39.1235635,,,
Heilongjiang,Mainland China,1/27/2020,21,,,1,127.999992,48.0000047,,,
Hebei,Mainland China,1/27/2020,18,,,1,116,39.0000001,,,
Gansu,Mainland China,1/27/2020,14,,,,101.9999999,38.0000001,,,
Shanxi,Mainland China,1/27/2020,13,,,,112,37,,,
Inner Mongolia,Mainland China,1/27/2020,11,,,,114.3251664,43.2443242,,,
Hong Kong,Hong Kong,1/27/2020,8,,,,,,,,
Guizhou,Mainland China,1/27/2020,7,,,,107,27,,,
Ningxia,Mainland China,1/27/2020,7,,,,105.9608553,37.3095528,,,
Jilin,Mainland China,1/27/2020,6,,,,125.9816054,42.9995032,,,
Macau,Macau,1/27/2020,6,,,,,,,,
Qinghai,Mainland China,1/27/2020,6,,,,,,,,
Taiwan,Taiwan,1/27/2020,5,,,,,,,,
Xinjiang,Mainland China,1/27/2020,5,,,,87.167384,41.757476,,,
Washington,United States,1/27/2020,1,,,,,,,,
Illinois,United States,1/27/2020,1,,,,,,,,
California,United States,1/27/2020,2,,,,,,,,
Arizona,United States,1/27/2020,1,,,,,,,,
,Japan,1/27/2020,4,,1,,,,,,
,Thailand,1/27/2020,8,,2,,,,,,
,South Korea,1/27/2020,4,,,,,,,,
,Singapore,1/27/2020,5,,,,,,,,
,Vietnam,1/27/2020,2,,,,,,,,
,France,1/27/2020,3,,,,,,,,
,Nepal,1/27/2020,1,,,,,,,,
,Malaysia,1/27/2020,4,,,,,,,,
Ontario,Canada,1/27/2020,1,,,,,,,,
,Cambodia,1/27/2020,1,,,,,,,,
,Sri Lanka,1/27/2020,1,,,,,,,,
,Ivory Coast,1/27/2020,1,,,,,,,,
New South Wales,Australia,1/27/2020,4,,,,,,,,
Victoria,Australia,1/27/2020,1,,,,,,,,
Hubei,Mainland China,1/27/2020,1423,,45,76,112.8783222,31.1517252,,,
Guangdong,Mainland China,1/27/2020,151,,3,,113.1982688,23.1357694,,,
Zhejiang,Mainland China,1/27/2020,128,,1,,119.9999999,29.0000001,,,
Henan,Mainland China,1/27/2020,128,,,,113.9999999,34.0000001,,,
Chongqing,Mainland China,1/27/2020,110,,,1,106.5492822,29.5585712,,,
Hunan,Mainland China,1/27/2020,100,,,,111.7487063,27.6662087,,,
Shandong,Mainland China,1/27/2020,75,,,,118.9999999,36.0000001,,,
Beijing,Mainland China,1/27/2020,72,,2,,116.3912757,39.906217,,,
Anhui,Mainland China,1/27/2020,70,,,,117,32,,,
Sichuan,Mainland China,1/27/2020,69,,,,102.4999999,30.5000001,,,
Fujian,Mainland China,1/27/2020,56,,,,117.842778,26.5450001,,,
Shanghai,Mainland China,1/27/2020,53,,3,1,121.4890497,31.2252985,,,
Jiangxi,Mainland China,1/27/2020,48,,1,,116,28,,,
Jiangsu,Mainland China,1/27/2020,47,,1,,119.9999999,33.0000001,,,
Guangxi,Mainland China,1/27/2020,46,,,,109,24,,,
Shaanxi,Mainland China,1/27/2020,35,,,,109,36,,,
Hainan,Mainland China,1/27/2020,33,,,1,109.5999999,19.2000001,,,
Liaoning,Mainland China,1/27/2020,27,,,,122.3263915,40.9739116,,,
Yunnan,Mainland China,1/27/2020,26,,,,102,25,,,
Tianjin,Mainland China,1/27/2020,22,,,,117.1980785,39.1235635,,,
Heilongjiang,Mainland China,1/27/2020,21,,,1,127.999992,48.0000047,,,
Hebei,Mainland China,1/27/2020,18,,,1,116,39.0000001,,,
Gansu,Mainland China,1/27/2020,14,,,,101.9999999,38.0000001,,,
Shanxi,Mainland China,1/27/2020,13,,,,112,37,,,
Inner Mongolia,Mainland China,1/27/2020,11,,,,114.3251664,43.2443242,,,
Hong Kong,Hong Kong,1/27/2020,8,,,,,,,,
Guizhou,Mainland China,1/27/2020,7,,,,107,27,,,
Ningxia,Mainland China,1/27/2020,7,,,,105.9608553,37.3095528,,,
Jilin,Mainland China,1/27/2020,6,,,,125.9816054,42.9995032,,,
Macau,Macau,1/27/2020,6,,,,,,,,
Taiwan,Taiwan,1/27/2020,5,,,,,,,,
Xinjiang,Mainland China,1/27/2020,5,,,,87.167384,41.757476,,,
Qinghai,Mainland China,1/27/2020,4,,,,,,,,
Washington,United States,1/27/2020,1,,,,,,,,
Illinois,United States,1/27/2020,1,,,,,,,,
California,United States,1/27/2020,2,,,,,,,,
Arizona,United States,1/27/2020,1,,,,,,,,
,Japan,1/27/2020,4,,1,,,,,,
,Thailand,1/27/2020,8,,2,,,,,,
,South Korea,1/27/2020,4,,,,,,,,
,Singapore,1/27/2020,4,,,,,,,,
,Vietnam,1/27/2020,2,,,,,,,,
,France,1/27/2020,3,,,,,,,,
,Australia,1/27/2020,5,,,,,,,,
,Nepal,1/27/2020,1,,,,,,,,
,Malaysia,1/27/2020,4,,,,,,,,
Ontario,Canada,1/27/2020,1,,,,,,,,
,Cambodia,1/27/2020,1,,,,,,,,
Hubei,Mainland China,1/26/2020,1423,,44,76,112.8783222,31.1517252,,,
Guangdong,Mainland China,1/26/2020,146,,2,,113.1982688,23.1357694,,,
Zhejiang,Mainland China,1/26/2020,128,,1,,119.9999999,29.0000001,,,
Henan,Mainland China,1/26/2020,128,,,1,113.9999999,34.0000001,,,
Chongqing,Mainland China,1/26/2020,110,,,,106.5492822,29.5585712,,,
Hunan,Mainland China,1/26/2020,100,,,,111.7487063,27.6662087,,,
Anhui,Mainland China,1/26/2020,70,,,,117,32,,,
Sichuan,Mainland China,1/26/2020,69,,,,102.4999999,30.5000001,,,
Beijing,Mainland China,1/26/2020,68,,2,,116.3912757,39.906217,,,
Shandong,Mainland China,1/26/2020,63,,,,118.9999999,36.0000001,,,
Shanghai,Mainland China,1/26/2020,53,,1,1,121.4890497,31.2252985,,,
Jiangxi,Mainland China,1/26/2020,48,,,,116,28,,,
Jiangsu,Mainland China,1/26/2020,47,,1,,119.9999999,33.0000001,,,
Guangxi,Mainland China,1/26/2020,46,,,,109,24,,,
Fujian,Mainland China,1/26/2020,35,,,,117.842778,26.5450001,,,
Liaoning,Mainland China,1/26/2020,23,,,,122.3263915,40.9739116,,,
Hainan,Mainland China,1/26/2020,22,,,,109.5999999,19.2000001,,,
Shaanxi,Mainland China,1/26/2020,22,,,,109,36,,,
Heilongjiang,Mainland China,1/26/2020,21,,,1,127.999992,48.0000047,,,
Yunnan,Mainland China,1/26/2020,19,,,,102,25,,,
Hebei,Mainland China,1/26/2020,18,,,1,116,39.0000001,,,
Tianjin,Mainland China,1/26/2020,14,,,,117.1980785,39.1235635,,,
Gansu,Mainland China,1/26/2020,14,,,,101.9999999,38.0000001,,,
Shanxi,Mainland China,1/26/2020,13,,,,112,37,,,
Inner Mongolia,Mainland China,1/26/2020,11,,,,114.3251664,43.2443242,,,
Hong Kong,Hong Kong,1/26/2020,8,,,,,,,,
Guizhou,Mainland China,1/26/2020,7,,,,107,27,,,
Jilin,Mainland China,1/26/2020,6,,,,125.9816054,42.9995032,,,
Macau,Macau,1/26/2020,6,,,,,,,,
Xinjiang,Mainland China,1/26/2020,5,,,,87.167384,41.757476,,,
Ningxia,Mainland China,1/26/2020,4,,,,105.9608553,37.3095528,,,
Taiwan,Taiwan,1/26/2020,4,,,,,,,,
Qinghai,Mainland China,1/26/2020,4,,,,,,,,
Washington,United States,1/26/2020,1,,,,,,,,
Illinois,United States,1/26/2020,1,,,,,,,,
California,United States,1/26/2020,2,,,,,,,,
Arizona,United States,1/26/2020,1,,,,,,,,
,Japan,1/26/2020,4,,1,,,,,,
,Thailand,1/26/2020,8,,2,,,,,,
,South Korea,1/26/2020,3,,,,,,,,
,Singapore,1/26/2020,4,,,,,,,,
,Vietnam,1/26/2020,2,,,,,,,,
,France,1/26/2020,3,,,,,,,,
,Australia,1/26/2020,4,,,,,,,,
,Nepal,1/26/2020,1,,,,,,,,
,Malaysia,1/26/2020,4,,,,,,,,
Ontario,Canada,1/26/2020,1,,,,,,,,
Hubei,Mainland China,1/26/2020,1058,,42,52,112.8783222,31.1517252,,,
Guangdong,Mainland China,1/26/2020,111,,2,,113.1982688,23.1357694,,,
Zhejiang,Mainland China,1/26/2020,104,,1,,119.9999999,29.0000001,,,
Henan,Mainland China,1/26/2020,83,3,,1,113.9999999,34.0000001,,,
Chongqing,Mainland China,1/26/2020,75,,,,106.5492822,29.5585712,,,
Hunan,Mainland China,1/26/2020,69,,,,111.7487063,27.6662087,,,
Beijing,Mainland China,1/26/2020,68,,2,,116.3912757,39.906217,,,
Anhui,Mainland China,1/26/2020,60,4,,,117,32,,,
Shandong,Mainland China,1/26/2020,46,,,,118.9999999,36.0000001,,,
Sichuan,Mainland China,1/26/2020,44,4,,,102.4999999,30.5000001,,,
Shanghai,Mainland China,1/26/2020,40,72,1,1,121.4890497,31.2252985,,,
Guangxi,Mainland China,1/26/2020,36,,,,109,24,,,
Jiangxi,Mainland China,1/26/2020,36,,,,116,28,,,
Fujian,Mainland China,1/26/2020,35,20,,,117.842778,26.5450001,,,
Jiangsu,Mainland China,1/26/2020,33,,1,,119.9999999,33.0000001,,,
Hainan,Mainland China,1/26/2020,22,,,,109.5999999,19.2000001,,,
Shaanxi,Mainland China,1/26/2020,22,,,,109,36,,,
Liaoning,Mainland China,1/26/2020,21,,,,122.3263915,40.9739116,,,
Yunnan,Mainland China,1/26/2020,16,36,,,102,25,,,
Heilongjiang,Mainland China,1/26/2020,15,,,1,127.999992,48.0000047,,,
Tianjin,Mainland China,1/26/2020,14,,,,117.1980785,39.1235635,,,
Hebei,Mainland China,1/26/2020,13,,,1,116,39.0000001,,,
Shanxi,Mainland China,1/26/2020,9,,,,112,37,,,
Hong Kong,Hong Kong,1/26/2020,8,244,,,,,,,
Inner Mongolia,Mainland China,1/26/2020,7,,,,114.3251664,43.2443242,,,
Gansu,Mainland China,1/26/2020,7,,,,101.9999999,38.0000001,,,
Guizhou,Mainland China,1/26/2020,5,,,,107,27,,,
Macau,Macau,1/26/2020,5,,,,,,,,
Ningxia,Mainland China,1/26/2020,4,,,,105.9608553,37.3095528,,,
Jilin,Mainland China,1/26/2020,4,,,,125.9816054,42.9995032,,,
Taiwan,Taiwan,1/26/2020,4,,,,,,,,
Xinjiang,Mainland China,1/26/2020,4,,,,87.167384,41.757476,,,
Qinghai,Mainland China,1/26/2020,1,,,,,,,,
Washington,United States,1/26/2020,1,,,,,,,,
Illinois,United States,1/26/2020,1,,,,,,,,
California,United States,1/26/2020,1,,,,,,,,
,Japan,1/26/2020,4,,1,,,,,,
,Thailand,1/26/2020,8,,2,,,,,,
,South Korea,1/26/2020,3,,,,,,,,
,Singapore,1/26/2020,4,,,,,,,,
,Vietnam,1/26/2020,2,,,,,,,,
,France,1/26/2020,3,,,,,,,,
,Australia,1/26/2020,4,,,,,,,,
,Nepal,1/26/2020,1,,,,,,,,
,Malaysia,1/26/2020,4,,,,,,,,
Ontario,Canada,1/26/2020,1,,,,,,,,
Hubei,Mainland China,1/25/2020,1052,,42,52,112.8783222,31.1517252,,,
Zhejiang,Mainland China,1/25/2020,104,,1,,119.9999999,29.0000001,,,
Guangdong,Mainland China,1/25/2020,98,,2,,113.1982688,23.1357694,,,
Henan,Mainland China,1/25/2020,83,3,,1,113.9999999,34.0000001,,,
Chongqing,Mainland China,1/25/2020,75,,,,106.5492822,29.5585712,,,
Hunan,Mainland China,1/25/2020,69,,,,111.7487063,27.6662087,,,
Anhui,Mainland China,1/25/2020,60,4,,,117,32,,,
Beijing,Mainland China,1/25/2020,51,,2,,116.3912757,39.906217,,,
Sichuan,Mainland China,1/25/2020,44,4,,,102.4999999,30.5000001,,,
Shanghai,Mainland China,1/25/2020,40,72,1,1,121.4890497,31.2252985,,,
Shandong,Mainland China,1/25/2020,39,,,,118.9999999,36.0000001,,,
Jiangxi,Mainland China,1/25/2020,36,,,,116,28,,,
Guangxi,Mainland China,1/25/2020,33,,,,109,24,,,
Jiangsu,Mainland China,1/25/2020,31,,1,,119.9999999,33.0000001,,,
Hainan,Mainland China,1/25/2020,19,,,,109.5999999,19.2000001,,,
Liaoning,Mainland China,1/25/2020,19,,,,122.3263915,40.9739116,,,
Fujian,Mainland China,1/25/2020,18,20,,1,117.842778,26.5450001,,,
Heilongjiang,Mainland China,1/25/2020,15,,,,127.999992,48.0000047,,,
Shaanxi,Mainland China,1/25/2020,15,,,,109,36,,,
Tianjin,Mainland China,1/25/2020,13,,,,117.1980785,39.1235635,,,
Hebei,Mainland China,1/25/2020,13,,,1,116,39.0000001,,,
Yunnan,Mainland China,1/25/2020,11,58,,,102,25,,,
Shanxi,Mainland China,1/25/2020,9,,,,112,37,,,
Inner Mongolia,Mainland China,1/25/2020,7,,,,114.3251664,43.2443242,,,
Gansu,Mainland China,1/25/2020,7,,,,101.9999999,38.0000001,,,
Guizhou,Mainland China,1/25/2020,5,,,,107,27,,,
Hong Kong,Hong Kong,1/25/2020,5,244,,,,,,,
Ningxia,Mainland China,1/25/2020,4,1,,,105.9608553,37.3095528,,,
Jilin,Mainland China,1/25/2020,4,,,,125.9816054,42.9995032,,,
Xinjiang,Mainland China,1/25/2020,4,,,,87.167384,41.757476,,,
Taiwan,Taiwan,1/25/2020,3,,,,,,,,
Macau,Macau,1/25/2020,2,,,,,,,,
Qinghai,Mainland China,1/25/2020,1,,,,,,,,
Washington,United States,1/25/2020,1,,,,,,,,
Illinois,United States,1/25/2020,1,,,,,,,,
,Japan,1/25/2020,2,,,,,,,,
,Thailand,1/25/2020,7,,,,,,,,
,South Korea,1/25/2020,3,,,,,,,,
,Singapore,1/25/2020,3,,,,,,,,
,Vietnam,1/25/2020,2,,,,,,,,
,France,1/25/2020,3,,,,,,,,
,Australia,1/25/2020,4,,,,,,,,
,Nepal,1/25/2020,1,,,,,,,,
,Malaysia,1/25/2020,3,,,,,,,,
Hubei,Mainland China,1/25/2020,761,,32,40,112.8783222,31.1517252,,,
Guangdong,Mainland China,1/25/2020,78,,2,,113.1982688,23.1357694,,,
Zhejiang,Mainland China,1/25/2020,62,,1,,119.9999999,29.0000001,,,
Chongqing,Mainland China,1/25/2020,57,,,,106.5492822,29.5585712,,,
Hunan,Mainland China,1/25/2020,43,,,,111.7487063,27.6662087,,,
Beijing,Mainland China,1/25/2020,41,,2,,116.3912757,39.906217,,,
Anhui,Mainland China,1/25/2020,39,4,,,117,32,,,
Shanghai,Mainland China,1/25/2020,33,72,1,,121.4890497,31.2252985,,,
Henan,Mainland China,1/25/2020,32,1,,,113.9999999,34.0000001,,,
Sichuan,Mainland China,1/25/2020,28,4,,,102.4999999,30.5000001,,,
Shandong,Mainland China,1/25/2020,27,,,,118.9999999,36.0000001,,,
Guangxi,Mainland China,1/25/2020,23,,,,109,24,,,
Hainan,Mainland China,1/25/2020,19,,,,109.5999999,19.2000001,,,
Jiangxi,Mainland China,1/25/2020,18,,,,116,28,,,
Fujian,Mainland China,1/25/2020,18,20,,,117.842778,26.5450001,,,
Jiangsu,Mainland China,1/25/2020,18,,1,,119.9999999,33.0000001,,,
Liaoning,Mainland China,1/25/2020,17,,,,122.3263915,40.9739116,,,
Shaanxi,Mainland China,1/25/2020,15,,,,109,36,,,
Yunnan,Mainland China,1/25/2020,11,58,,,102,25,,,
Tianjin,Mainland China,1/25/2020,10,,,,117.1980785,39.1235635,,,
Heilongjiang,Mainland China,1/25/2020,9,,,1,127.999992,48.0000047,,,
Hebei,Mainland China,1/25/2020,8,,,1,116,39.0000001,,,
Inner Mongolia,Mainland China,1/25/2020,7,,,,114.3251664,43.2443242,,,
Shanxi,Mainland China,1/25/2020,6,,,,112,37,,,
Hong Kong,Hong Kong,1/25/2020,5,244,,,,,,,
Guizhou,Mainland China,1/25/2020,4,,,,107,27,,,
Jilin,Mainland China,1/25/2020,4,,,,125.9816054,42.9995032,,,
Gansu,Mainland China,1/25/2020,4,,,,101.9999999,38.0000001,,,
Ningxia,Mainland China,1/25/2020,3,1,,,105.9608553,37.3095528,,,
Taiwan,Taiwan,1/25/2020,3,,,,,,,,
Xinjiang,Mainland China,1/25/2020,3,,,,87.167384,41.757476,,,
Macau,Macau,1/25/2020,2,,,,,,,,
Qinghai,Mainland China,1/25/2020,1,,,,,,,,
Washington,United States,1/25/2020,1,,,,,,,,
Illinois,United States,1/25/2020,1,,,,,,,,
,Japan,1/25/2020,2,,,,,,,,
,Thailand,1/25/2020,7,,,,,,,,
,South Korea,1/25/2020,2,,,,,,,,
,Singapore,1/25/2020,3,,,,,,,,
,Vietnam,1/25/2020,2,,,,,,,,
,France,1/25/2020,3,,,,,,,,
,Australia,1/25/2020,4,,,,,,,,
,Nepal,1/25/2020,1,,,,,,,,
,Malaysia,1/25/2020,3,,,,,,,,
Hubei,Mainland China,1/25/2020,729,,32,39,112.8783222,31.1517252,,,
Guangdong,Mainland China,1/25/2020,78,,2,,113.1982688,23.1357694,,,
Zhejiang,Mainland China,1/25/2020,62,,1,,119.9999999,29.0000001,,,
Chongqing,Mainland China,1/25/2020,57,,,,106.5492822,29.5585712,,,
Hunan,Mainland China,1/25/2020,43,,,,111.7487063,27.6662087,,,
Anhui,Mainland China,1/25/2020,39,4,,,117,32,,,
Beijing,Mainland China,1/25/2020,36,,1,,116.3912757,39.906217,,,
Shanghai,Mainland China,1/25/2020,33,22,1,,121.4890497,31.2252985,,,
Henan,Mainland China,1/25/2020,32,1,,,113.9999999,34.0000001,,,
Sichuan,Mainland China,1/25/2020,28,4,,,102.4999999,30.5000001,,,
Guangxi,Mainland China,1/25/2020,23,,,,109,24,,,
Shandong,Mainland China,1/25/2020,21,,,,118.9999999,36.0000001,,,
Jiangxi,Mainland China,1/25/2020,18,,,,116,28,,,
Jiangsu,Mainland China,1/25/2020,18,,1,,119.9999999,33.0000001,,,
Hainan,Mainland China,1/25/2020,17,,,,109.5999999,19.2000001,,,
Liaoning,Mainland China,1/25/2020,15,,,,122.3263915,40.9739116,,,
Fujian,Mainland China,1/25/2020,10,4,,,117.842778,26.5450001,,,
Heilongjiang,Mainland China,1/25/2020,9,,,1,127.999992,48.0000047,,,
Tianjin,Mainland China,1/25/2020,8,,,,117.1980785,39.1235635,,,
Hebei,Mainland China,1/25/2020,8,,,1,116,39.0000001,,,
Shanxi,Mainland China,1/25/2020,6,,,,112,37,,,
Yunnan,Mainland China,1/25/2020,5,,,,102,25,,,
Hong Kong,Hong Kong,1/25/2020,5,36,,,,,,,
Shaanxi,Mainland China,1/25/2020,5,,,,109,36,,,
Guizhou,Mainland China,1/25/2020,4,,,,107,27,,,
Jilin,Mainland China,1/25/2020,4,,,,125.9816054,42.9995032,,,
Gansu,Mainland China,1/25/2020,4,,,,101.9999999,38.0000001,,,
Ningxia,Mainland China,1/25/2020,3,1,,,105.9608553,37.3095528,,,
Taiwan,Taiwan,1/25/2020,3,,,,,,,,
Xinjiang,Mainland China,1/25/2020,3,,,,87.167384,41.757476,,,
Macau,Macau,1/25/2020,2,,,,,,,,
Inner Mongolia,Mainland China,1/25/2020,2,,,,114.3251664,43.2443242,,,
Qinghai,Mainland China,1/25/2020,,1,,,,,,,
Washington,United States,1/25/2020,1,,,,,,,,
Illinois,United States,1/25/2020,1,,,,,,,,
,Japan,1/25/2020,2,,,,,,,,
,Thailand,1/25/2020,5,,,,,,,,
,South Korea,1/25/2020,2,,,,,,,,
,Singapore,1/25/2020,3,,,,,,,,
,Vietnam,1/25/2020,2,,,,,,,,
,France,1/25/2020,3,,,,,,,,
,Australia,1/25/2020,1,,,,,,,,
,Nepal,1/25/2020,1,,,,,,,,
,Malaysia,1/25/2020,3,,,,,,,,
Hubei,Mainland China,1/24/2020,549,,31,24,112.8783222,31.1517252,,,
Guangdong,Mainland China,1/24/2020,53,,2,,113.1982688,23.1357694,,,
Zhejiang,Mainland China,1/24/2020,43,,1,,119.9999999,29.0000001,,,
Beijing,Mainland China,1/24/2020,36,,1,,116.3912757,39.906217,,,
Chongqing,Mainland China,1/24/2020,27,13,,,106.5492822,29.5585712,,,
Hunan,Mainland China,1/24/2020,24,,,,111.7487063,27.6662087,,,
Guangxi,Mainland China,1/24/2020,23,,,,109,24,,,
Shanghai,Mainland China,1/24/2020,20,22,1,,121.4890497,31.2252985,,,
Jiangxi,Mainland China,1/24/2020,18,,,,116,28,,,
Sichuan,Mainland China,1/24/2020,15,4,,,102.4999999,30.5000001,,,
Shandong,Mainland China,1/24/2020,15,,,,118.9999999,36.0000001,,,
Anhui,Mainland China,1/24/2020,15,4,,,117,32,,,
Fujian,Mainland China,1/24/2020,10,2,,,117.842778,26.5450001,,,
Henan,Mainland China,1/24/2020,9,42,,,113.9999999,34.0000001,,,
Jiangsu,Mainland China,1/24/2020,9,,,,119.9999999,33.0000001,,,
Hainan,Mainland China,1/24/2020,8,32,,,109.5999999,19.2000001,,,
Tianjin,Mainland China,1/24/2020,8,,,,117.1980785,39.1235635,,,
Yunnan,Mainland China,1/24/2020,5,,,,102,25,,,
Shaanxi,Mainland China,1/24/2020,5,,,,109,36,,,
Heilongjiang,Mainland China,1/24/2020,4,,,1,127.999992,48.0000047,,,
Liaoning,Mainland China,1/24/2020,4,,,,122.3263915,40.9739116,,,
Guizhou,Mainland China,1/24/2020,3,,,,107,27,,,
Jilin,Mainland China,1/24/2020,3,,,,125.9816054,42.9995032,,,
Taiwan,Taiwan,1/24/2020,3,,,,,,,,
Ningxia,Mainland China,1/24/2020,2,1,,,105.9608553,37.3095528,,,
Hong Kong,Hong Kong,1/24/2020,2,36,,,,,,,
Macau,Macau,1/24/2020,2,,,,,,,,
Hebei,Mainland China,1/24/2020,2,,,1,116,39.0000001,,,
Gansu,Mainland China,1/24/2020,2,,,,101.9999999,38.0000001,,,
Xinjiang,Mainland China,1/24/2020,2,,,,87.167384,41.757476,,,
Shanxi,Mainland China,1/24/2020,1,,,,112,37,,,
Inner Mongolia,Mainland China,1/24/2020,1,2,,,114.3251664,43.2443242,,,
Qinghai,Mainland China,1/24/2020,,1,,,,,,,
Washington,United States,1/24/2020,1,,,,,,,,
Chicago,United States,1/24/2020,1,,,,,,,,
,Japan,1/24/2020,2,,,,,,,,
,Thailand,1/24/2020,5,,,,,,,,
,South Korea,1/24/2020,2,,,,,,,,
,Singapore,1/24/2020,3,,,,,,,,
,Vietnam,1/24/2020,2,,,,,,,,
,France,1/24/2020,2,,,,,,,,
Hubei,Mainland China,1/24/2020,549,,31,24,112.8783222,31.1517252,,,
Guangdong,Mainland China,1/24/2020,53,,2,,113.1982688,23.1357694,,,
Zhejiang,Mainland China,1/24/2020,43,,1,,119.9999999,29.0000001,,,
Beijing,Mainland China,1/24/2020,26,22,,,116.3912757,39.906217,,,
Shanghai,Mainland China,1/24/2020,20,,,,121.4890497,31.2252985,,,
Hunan,Mainland China,1/24/2020,24,,,,111.7487063,27.6662087,,,
Anhui,Mainland China,1/24/2020,15,4,,,117,32,,,
Chongqing,Mainland China,1/24/2020,27,13,,,106.5492822,29.5585712,,,
Sichuan,Mainland China,1/24/2020,15,4,,,102.4999999,30.5000001,,,
Shandong,Mainland China,1/24/2020,9,,,,118.9999999,36.0000001,,,
Guangxi,Mainland China,1/24/2020,13,,,,109,24,,,
Fujian,Mainland China,1/24/2020,5,2,,,117.842778,26.5450001,,,
Jiangsu,Mainland China,1/24/2020,9,,,,119.9999999,33.0000001,,,
Henan,Mainland China,1/24/2020,9,,,,113.9999999,34.0000001,,,
Hainan,Mainland China,1/24/2020,8,32,,,109.5999999,19.2000001,,,
Tianjin,Mainland China,1/24/2020,5,,,,117.1980785,39.1235635,,,
Jiangxi,Mainland China,1/24/2020,7,,,,116,28,,,
Shaanxi,Mainland China,1/24/2020,3,,,,109,36,,,
Guizhou,Mainland China,1/24/2020,3,,,,107,27,,,
Liaoning,Mainland China,1/24/2020,4,,,,122.3263915,40.9739116,,,
Hong Kong,Hong Kong,1/24/2020,2,36,,,,,,,
Heilongjiang,Mainland China,1/24/2020,4,,,1,127.999992,48.0000047,,,
Macau,Macau,1/24/2020,2,,,,,,,,
Xinjiang,Mainland China,1/24/2020,2,,,,87.167384,41.757476,,,
Gansu,Mainland China,1/24/2020,2,,,,101.9999999,38.0000001,,,
Yunnan,Mainland China,1/24/2020,2,,,,102,25,,,
Taiwan,Taiwan,1/24/2020,1,,,,,,,,
Shanxi,Mainland China,1/24/2020,1,,,,112,37,,,
Jilin,Mainland China,1/24/2020,3,,,,125.9816054,42.9995032,,,
Hebei,Mainland China,1/24/2020,2,,,1,116,39.0000001,,,
Ningxia,Mainland China,1/24/2020,1,,,,105.9608553,37.3095528,,,
Inner Mongolia,Mainland China,1/24/2020,1,2,,,114.3251664,43.2443242,,,
Washington,United States,1/24/2020,1,,,,,,,,
,Japan,1/24/2020,2,,,,,,,,
,Thailand,1/24/2020,4,,,,,,,,
,South Korea,1/24/2020,1,,,,,,,,
,Singapore,1/24/2020,1,,,,,,,,
,Vietnam,1/24/2020,2,,,,,,,,
Anhui,Mainland China,1/23/2020,9,4,,,117,32,,,
Beijing,Mainland China,1/23/2020,22,,,,116.3912757,39.906217,,,
Chongqing,Mainland China,1/23/2020,9,,,,106.5492822,29.5585712,,,
Fujian,Mainland China,1/23/2020,5,2,,,117.842778,26.5450001,,,
Gansu,Mainland China,1/23/2020,2,,,,101.9999999,38.0000001,,,
Guangdong,Mainland China,1/23/2020,32,1,2,,113.1982688,23.1357694,,,
Guangxi,Mainland China,1/23/2020,5,,,,109,24,,,
Guizhou,Mainland China,1/23/2020,3,,,,107,27,,,
Hainan,Mainland China,1/23/2020,5,32,,,109.5999999,19.2000001,,,
Hebei,Mainland China,1/23/2020,1,,,1,116,39.0000001,,,
Heilongjiang,Mainland China,1/23/2020,2,,,,127.999992,48.0000047,,,
Henan,Mainland China,1/23/2020,5,,,,113.9999999,34.0000001,,,
Hong Kong,Hong Kong,1/23/2020,2,65,,,,,,,
Hubei,Mainland China,1/23/2020,444,,28,17,112.8783222,31.1517252,,,
Hunan,Mainland China,1/23/2020,9,,,,111.7487063,27.6662087,,,
Inner Mongolia,Mainland China,1/23/2020,,1,,,114.3251664,43.2443242,,,
Jiangsu,Mainland China,1/23/2020,5,,,,119.9999999,33.0000001,,,
Jiangxi,Mainland China,1/23/2020,7,,,,116,28,,,
Jilin,Mainland China,1/23/2020,1,,,,125.9816054,42.9995032,,,
Liaoning,Mainland China,1/23/2020,3,,,,122.3263915,40.9739116,,,
Macau,Macau,1/23/2020,2,,,,,,,,
Ningxia,Mainland China,1/23/2020,1,,,,105.9608553,37.3095528,,,
Qinghai,Mainland China,1/23/2020,,,,,,,,,
Shaanxi,Mainland China,1/23/2020,3,1,,,109,36,,,
Shandong,Mainland China,1/23/2020,6,2,,,118.9999999,36.0000001,,,
Shanghai,Mainland China,1/23/2020,16,22,,,121.4890497,31.2252985,,,
Shanxi,Mainland China,1/23/2020,1,,,,112,37,,,
Sichuan,Mainland China,1/23/2020,8,2,,,102.4999999,30.5000001,,,
Taiwan,Taiwan,1/23/2020,1,,,,,,,,
Tianjin,Mainland China,1/23/2020,4,,,,117.1980785,39.1235635,,,
Tibet,Mainland China,1/23/2020,,,,,,,,,
Washington,United States,1/23/2020,1,,,,,,,,
Xinjiang,Mainland China,1/23/2020,2,,,,87.167384,41.757476,,,
Yunnan,Mainland China,1/23/2020,2,,,,102,25,,,
Zhejiang,Mainland China,1/23/2020,27,,,,119.9999999,29.0000001,,,
,Japan,1/23/2020,1,,,,,,,,
,Thailand,1/23/2020,3,,,,,,,,
,South Korea,1/23/2020,1,,,,,,,,
,Singapore,1/23/2020,1,,,,,,,,
,Philippines,1/23/2020,,4,,,,,,,
,Malaysia,1/23/2020,,4,,,,,,,
,Vietnam,1/23/2020,2,,,,,,,,
,Australia,1/23/2020,,1,,,,,,,
,Mexico,1/23/2020,,1,,,,,,,
,Brazil,1/23/2020,,1,,,,,,,
,Colombia,1/23/2020,,1,,,,,,,
Anhui,Mainland China,1/22/2020,1,4,,,117,32,,,
Beijing,Mainland China,1/22/2020,14,,,,116.3912757,39.906217,,,
Chongqing,Mainland China,1/22/2020,6,,,,106.5492822,29.5585712,,,
Fujian,Mainland China,1/22/2020,1,,,,117.842778,26.5450001,,,
Gansu,Mainland China,1/22/2020,,,,,101.9999999,38.0000001,,,
Guangdong,Mainland China,1/22/2020,26,1,,,113.1982688,23.1357694,,,
Guangxi,Mainland China,1/22/2020,2,1,,,109,24,,,
Guizhou,Mainland China,1/22/2020,1,,,,107,27,,,
Hainan,Mainland China,1/22/2020,4,,,,109.5999999,19.2000001,,,
Hebei,Mainland China,1/22/2020,1,,,,116,39.0000001,,,
Heilongjiang,Mainland China,1/22/2020,,1,,,127.999992,48.0000047,,,
Henan,Mainland China,1/22/2020,5,,,,113.9999999,34.0000001,,,
Hong Kong,Hong Kong,1/22/2020,,117,,,,,,,
Hubei,Mainland China,1/22/2020,444,,,,112.8783222,31.1517252,,,
Hunan,Mainland China,1/22/2020,4,,,,111.7487063,27.6662087,,,
Inner Mongolia,Mainland China,1/22/2020,,,,,114.3251664,43.2443242,,,
Jiangsu,Mainland China,1/22/2020,1,,,,119.9999999,33.0000001,,,
Jiangxi,Mainland China,1/22/2020,2,,,,116,28,,,
Jilin,Mainland China,1/22/2020,,1,,,125.9816054,42.9995032,,,
Liaoning,Mainland China,1/22/2020,2,,,,122.3263915,40.9739116,,,
Macau,Macau,1/22/2020,1,,,,,,,,
Ningxia,Mainland China,1/22/2020,1,,,,105.9608553,37.3095528,,,
Qinghai,Mainland China,1/22/2020,,,,,,,,,
Shaanxi,Mainland China,1/22/2020,,,,,109,36,,,
Shandong,Mainland China,1/22/2020,2,,,,118.9999999,36.0000001,,,
Shanghai,Mainland China,1/22/2020,9,10,,,121.4890497,31.2252985,,,
Shanxi,Mainland China,1/22/2020,1,,,,112,37,,,
Sichuan,Mainland China,1/22/2020,5,2,,,102.4999999,30.5000001,,,
Taiwan,Taiwan,1/22/2020,1,,,,,,,,
Tianjin,Mainland China,1/22/2020,4,,,,117.1980785,39.1235635,,,
Tibet,Mainland China,1/22/2020,,,,,,,,,
Washington,United States,1/22/2020,1,,,,,,,,
Xinjiang,Mainland China,1/22/2020,,,,,87.167384,41.757476,,,
Yunnan,Mainland China,1/22/2020,1,,,,102,25,,,
Zhejiang,Mainland China,1/22/2020,10,,,,119.9999999,29.0000001,,,
,Japan,1/22/2020,2,,,,,,,,
,Thailand,1/22/2020,2,,,,,,,,
,South Korea,1/22/2020,1,,,,,,,,
Shanghai,Mainland China,1/21/2020,9,10,,,121.4890497,31.2252985,,,
Yunnan,Mainland China,1/21/2020,1,,,,102,25,,,
Beijing,Mainland China,1/21/2020,10,,,,116.3912757,39.906217,,,
Taiwan,Taiwan,1/21/2020,1,,,,,,,,
Jilin,Mainland China,1/21/2020,,1,,,125.9816054,42.9995032,,,
Sichuan,Mainland China,1/21/2020,2,1,,,102.4999999,30.5000001,,,
Tianjin,Mainland China,1/21/2020,2,,,,117.1980785,39.1235635,,,
Ningxia,Mainland China,1/21/2020,,1,,,105.9608553,37.3095528,,,
Anhui,Mainland China,1/21/2020,,3,,,117,32,,,
Shandong,Mainland China,1/21/2020,1,,,,118.9999999,36.0000001,,,
Guangdong,Mainland China,1/21/2020,17,4,,,113.1982688,23.1357694,,,
Guangxi,Mainland China,1/21/2020,,1,,,109,24,,,
Jiangxi,Mainland China,1/21/2020,2,,,,116,28,,,
Henan,Mainland China,1/21/2020,1,,,,113.9999999,34.0000001,,,
Zhejiang,Mainland China,1/21/2020,5,16,,,119.9999999,29.0000001,,,
Hainan,Mainland China,1/21/2020,,1,,,109.5999999,19.2000001,,,
Hubei,Mainland China,1/21/2020,270,11,,,112.8783222,31.1517252,,,
Hunan,Mainland China,1/21/2020,1,,,,111.7487063,27.6662087,,,
Guizhou,Mainland China,1/21/2020,,1,,,107,27,,,
Liaoning,Mainland China,1/21/2020,,1,,,122.3263915,40.9739116,,,
Chongqing,Mainland China,1/21/2020,5,,,,106.5492822,29.5585712,,,
Hong Kong,Hong Kong,1/21/2020,,117,,,,,,,
Heilongjiang,Mainland China,1/21/2020,,1,,,127.999992,48.0000047,,,
,Japan,1/21/2020,1,,,,,,,,
,Thailand,1/21/2020,2,,,,,,,,
,South Korea,1/21/2020,1,,,,,,,,
Washington,United States,1/21/2020,1,,,,,,,,
Hubei,Mainland China,1/1/2020,1,,,,112.8783222,31.1517252,,,
Hubei,Mainland China,1/2/2020,2,,,,112.8783222,31.1517252,,,
Hubei,Mainland China,1/3/2020,3,,,,112.8783222,31.1517252,,,
Hubei,Mainland China,1/4/2020,4,,,,112.8783222,31.1517252,,,
Hubei,Mainland China,1/5/2020,6,,,,112.8783222,31.1517252,,,
Hubei,Mainland China,1/6/2020,9,,,,112.8783222,31.1517252,,,
Hubei,Mainland China,1/7/2020,12,,,,112.8783222,31.1517252,,,
Hubei,Mainland China,1/8/2020,20,,,,112.8783222,31.1517252,,,
Hubei,Mainland China,1/9/2020,28,,,,112.8783222,31.1517252,,,
Hubei,Mainland China,1/10/2020,41,,,,112.8783222,31.1517252,,,
Hubei,Mainland China,1/11/2020,41,,,,112.8783222,31.1517252,,,
Hubei,Mainland China,1/12/2020,41,,,,112.8783222,31.1517252,,,
Hubei,Mainland China,1/13/2020,41,,,,112.8783222,31.1517252,,,
Hubei,Mainland China,1/14/2020,41,,,,112.8783222,31.1517252,,,
Hubei,Mainland China,1/15/2020,41,,,,112.8783222,31.1517252,,,
Hubei,Mainland China,1/16/2020,45,,,,112.8783222,31.1517252,,,
Hubei,Mainland China,1/17/2020,62,,,,112.8783222,31.1517252,,,
Hubei,Mainland China,1/18/2020,121,,,,112.8783222,31.1517252,,,
Hubei,Mainland China,1/19/2020,198,,,,112.8783222,31.1517252,,,
Hubei,Mainland China,1/20/2020,270,,,,112.8783222,31.1517252,,,
